-0.84124676,0.96339614,0.89946864,0.89205451,0.97743631,-0.16126549,-0.93472378,-0.14083968,-0.12321341,0.17994061,-1.0,-0.97090521
-0.8447876,0.96656113,0.9078289,0.89206031,0.98452014,-0.16134256,-0.94306751,-0.14155127,-0.11489334,0.18028889,-1.0,-0.97058275
-0.84893347,0.9668781,0.90866783,0.89240056,0.9867701,-0.16371122,-0.93869155,-0.14200984,-0.11489334,0.18063731,-1.0,-0.97036812
-0.84864938,0.96761519,0.91062071,0.89381715,0.98682105,-0.16371122,-0.93869155,-0.14397645,-0.12133575,0.18193476,-1.0,-0.96939971
-0.84786525,0.9682244,0.91223466,0.89381715,0.98743352,-0.1667862,-0.94246912,-0.14875022,-0.12183357,0.18515116,-1.0,-0.96705115
-0.84963158,0.9679482,0.91150257,0.89368344,0.98772183,-0.16697042,-0.94246912,-0.14820997,-0.12183357,0.18482251,-1.0,-0.9673206
-0.85215025,0.9679295,0.91145298,0.89336965,0.98772183,-0.16557052,-0.94098663,-0.14428214,-0.12009236,0.18216997,-1.0,-0.96926606
-0.85101671,0.96849148,0.91294266,0.89420478,0.98792586,-0.16557052,-0.94098663,-0.14670536,-0.12855866,0.18377851,-1.0,-0.96803308
-0.84797148,0.96848115,0.91291536,0.89420478,0.98775397,-0.1678811,-0.94059758,-0.15437401,-0.1297641,0.18898248,-1.0,-0.96412344
-0.84829438,0.96841804,0.91274816,0.89477777,0.98775397,-0.17596367,-0.94002751,-0.15630201,-0.1297641,0.19031033,-1.0,-0.96313738
-0.85156175,0.96920266,0.91482867,0.89494092,0.98782618,-0.17248553,-0.94002751,-0.15236144,-0.12692295,0.18760932,-1.0,-0.96520249
-0.8527234,0.96925328,0.91496274,0.89494092,0.98861347,-0.17248553,-0.94390578,-0.15006376,-0.12340878,0.18605036,-1.0,-0.96639363
-0.85065446,0.9689963,0.91428105,0.89436796,0.98861347,-0.1726059,-0.94390578,-0.1523621,-0.12646746,0.18761054,-1.0,-0.96520364
-0.84977267,0.96904398,0.91440745,0.89436796,0.98889992,-0.17551413,-0.94332286,-0.15414125,-0.12646746,0.1888122,-1.0,-0.96428473
-0.73093729,0.94489486,0.85095811,0.87758813,0.94674897,-0.2777542999999999,-0.92597669,-0.29262334,-0.31953731,0.28315855,-1.0,-0.85222007
-0.76110079,0.95201342,0.86950975,0.8781599,0.96863457,-0.2777542999999999,-0.9417158,-0.26311695,-0.24813963,0.26311858,-1.0,-0.88412852
-0.75917219,0.95272437,0.87137227,0.8781599,0.97277627,-0.28062914,-0.9417158,-0.26509148,-0.23590783,0.26432447,-1.0,-0.88229013
-0.75936327,0.95306401,0.87226299,0.87888016,0.97297016,-0.28303343,-0.94207598,-0.26471825,-0.23590783,0.26403279,-1.0,-0.88264601
-0.76105187,0.95360569,0.87368389,0.87908726,0.97325777,-0.28300845,-0.94487012,-0.26305774,-0.23427394,0.26288599,-1.0,-0.88422429
-0.76062023,0.95359464,0.8736549000000001,0.87908726,0.97336429,-0.28300845,-0.94566163,-0.26348997,-0.23399273,0.26316935,-1.0,-0.88381482
-0.76052773,0.95313551,0.87245047,0.87877147,0.97318829,-0.28187025,-0.94147242,-0.2634369,-0.23399273,0.26318349,-1.0,-0.88386424
-0.7620229000000001,0.95318325,0.87257568,0.8786168,0.97318829,-0.28149769,-0.94147242,-0.26189643,-0.23351308,0.26217028,-1.0,-0.88531821
-0.76150888,0.95309294,0.87233892,0.8786168,0.97269154,-0.28149769,-0.94456672,-0.26245862,-0.23493193,0.26255006,-1.0,-0.88478599
-0.75896013,0.95273161,0.87139136,0.87858596,0.97263986,-0.28236083,-0.94367519,-0.26500697,-0.23580584,0.26425623,-1.0,-0.88237099
-0.75897692,0.9532188,0.87266922,0.87914624,0.97263986,-0.2815548,-0.94255883,-0.2650432,-0.23580584,0.26422361,-1.0,-0.88233553
-0.76219671,0.95419361,0.87522686,0.8799811,0.97384493,-0.28034554,-0.94255883,-0.26194319,-0.23540523,0.26209013,-1.0,-0.88526668
-0.76370208,0.95458893,0.87626443,0.8799811,0.97436858,-0.28034554,-0.94288961,-0.26049928,-0.23064937,0.26110336,-1.0,-0.88663004
-0.66708465,0.87409866,0.67244755,0.86053314,0.84957326,0.15158093,-0.93189578,0.042479149,-0.19754314,0.054216165,-0.940965,-0.95460358
-0.56480737,0.83566368,0.57709208,0.79063055,0.84957326,0.15158093,-0.93189578,0.16067501,0.1212898,-0.027044798,-1.0,-0.93761402
-0.57936742,0.83695957,0.5801554,0.76602185,0.85049913,0.14608124,-0.935389,0.15187734,0.16770112,-0.0215668929999999,-1.0,-0.94407951
-0.58280626,0.83878762,0.58455207,0.76878451,0.85834757,0.14121255,-0.73715155,0.15070183,0.16770112,-0.020755925,-0.41351289,-0.94494809
-0.5529392,0.81080506,0.51947242,0.76878451,0.71629126,0.28506416,-0.73715155,0.19559534,0.17443494,-0.053538987,-0.39291452,-0.90699628
-0.41836808,0.70308608,0.28138849,0.76859123,0.62498772,0.39183539,-0.91606376,0.31406786,0.19868948,-0.14254902,-0.57339379,-0.77223124
-0.30588411,0.6182581,0.0975391019999999,0.61323374,0.62498772,0.39281965,-0.91606376,0.40950272,0.34623514,-0.21333904,-1.0,-0.64576277
-0.30919487,0.6220654999999999,0.10489711,0.55810315,0.62614858,0.39281965,-0.91682527,0.41986657,0.43370891,-0.22111662,-1.0,-0.62990781
-0.3167322,0.62745102,0.11567687,0.55810315,0.65132063,0.37855379,-0.9416171,0.41503721,0.43370891,-0.21772934,-1.0,-0.63811378
-0.31457502,0.62532313,0.11136634,0.55392299,0.65132063,0.37855379,-0.9416171,0.41648854,0.43508944,-0.2189352,-1.0,-0.63568795
-0.31488562,0.62577398,0.11227705,0.55365758,0.65179327,0.37906927,-0.93831151,0.4168573,0.43715959,-0.21916689,-1.0,-0.63507009
-0.65435613,0.89093772,0.71304125,0.83656109,0.89503171,0.15701761,-0.93963693,0.11359108,0.11467318,0.0061411057,-0.940965,-0.965553
-0.65078203,0.87653997,0.67696952,0.81832977,0.89495487,0.11045559,-0.93963693,0.12558056,0.11750282,-0.0030485384,-1.0,-0.95969232
-0.64514606,0.87482213,0.67268543,0.80223406,0.89495487,0.11069293,-0.93978877,0.14006721,0.15705003,-0.013061244,-1.0,-0.95174373
-0.64657849,0.8764618000000001,0.67675121,0.80246354,0.89682418,0.11069293,-0.93978877,0.1392361,0.16094201,-0.0124055189999999,-1.0,-0.95225008
-0.64706219,0.87645385,0.67673141,0.80246354,0.89708448,0.11265524,-0.94012022,0.13843401,0.16094201,-0.011866506,-1.0,-0.95273563
-0.64510509,0.87538094,0.67406982,0.80216168,0.89639725,0.11441559,-0.94171541,0.14222283,0.16114168,-0.014516278,-1.0,-0.9504103000000002
-0.64633366,0.87579788,0.67510457,0.80274896,0.89639725,0.11441559,-0.94171541,0.14258451,0.16424515,-0.014783523,-1.0,-0.95019443
-0.64799745,0.87599536,0.6755941999999999,0.80274896,0.89651331,0.11452424,-0.942012,0.14162959,0.16424515,-0.0141681869999999,-1.0,-0.95078908
-0.64625395,0.87478155,0.67258341,0.80180866,0.8963139000000001,0.11586273,-0.9432431,0.14485798,0.16504084,-0.016451134,-1.0,-0.94877602
-0.64604389,0.87474639,0.67249612,0.80079378,0.8963139000000001,0.11586273,-0.93857257,0.14560336,0.16844061,-0.016965715,-1.0,-0.94831321
-0.6448514,0.8742315999999999,0.67122109,0.80079378,0.89443607,0.11802751,-0.93857257,0.14572717,0.16844061,-0.017046458,-1.0,-0.94823201
-0.64322033,0.87324201,0.66876946,0.80001788,0.89441143,0.11814495,-0.94068373,0.14758583,0.16910986,-0.0183603289999999,-1.0,-0.94705191
-0.64545984,0.87410872,0.67091688,0.80081269,0.89441143,0.11814495,-0.94068373,0.1456772999999999,0.16737981,-0.017047243,-1.0,-0.94825608
0.43247853,-0.25504375,-0.95357982,-0.27190525,-0.28910234,0.72922751,-0.78510398,0.77465873,0.78650142,-0.55335148,-0.54887719,0.21233212
0.39985328,-0.21014776,-0.93565059,-0.27190525,-0.19419584,0.72922751,-0.92005119,0.7739047,0.78712383,-0.55036444,-1.0,0.21002685
0.39906577,-0.20876483,-0.93504242,-0.2721186,-0.16510276,0.72518563,-0.94016395,0.77171208,0.78665169,-0.54672465,-1.0,0.20332807
0.39955483,-0.20956406,-0.93543728,-0.27787264,-0.16510276,0.72357116,-0.94077317,0.77109662,0.78619681,-0.54647681,-1.0,0.2014531
0.3988886,-0.20874807,-0.93504006,-0.27787264,-0.16347696,0.72351873,-0.94267266,0.77103706,0.78619681,-0.54671226,-1.0,0.20127172
0.39889738,-0.20871697,-0.93502487,-0.27772943,-0.16308855,0.72351892,-0.93897407,0.77129107,0.78638623,-0.54685884,-1.0,0.20204511
0.39888109,-0.20863346,-0.93498404,-0.27768159,-0.16325144,0.72356338,-0.93897407,0.77135108,0.78655448,-0.54671715,-1.0,0.20222787
0.39877771,-0.20856027,-0.93494815,-0.27682849,-0.16325144,0.72356338,-0.93945264,0.7707487,0.78504206,-0.54624972,-1.0,0.2003947999999999
0.39801973,-0.20760682,-0.93448046,-0.27547292,-0.16324532,0.72298922,-0.93844914,0.76992271,0.78503566,-0.54555047,-1.0,0.19788152
0.39713425,-0.20636268,-0.93386935,-0.27528116,-0.16163737,0.72195521,-0.93345851,0.7692959,0.78402049,-0.54467991,-1.0,0.19597683
0.3973035,-0.20649916,-0.93393651,-0.27528116,-0.16166286,0.72215517,-0.93345851,0.7691518,0.78402049,-0.54419774,-1.0,0.1955391
0.39775801,-0.20702615,-0.93419608,-0.27572579,-0.16166323,0.7221935,-0.93988139,0.76962832,0.78418985,-0.54444236,-1.0,0.19698672
0.39779057,-0.20699211,-0.93417939,-0.27609877,-0.16166323,0.7221935,-0.93922131,0.76946735,0.78468248,-0.54399111,-1.0,0.19649751
0.20575936,0.044743889,-0.73088343,0.36664438,-0.034266092,0.74614387,-0.89128356,0.75845367,0.64514204,-0.53610387,-0.36617515,0.16687362
0.27854399,-0.047727828,-0.83216934,-0.091058425,-0.034266092,0.74614387,-0.89128356,0.76866913,0.76798308,-0.54409199,-0.89799999,0.19457285
0.27208294,-0.041699844,-0.82686368,-0.091058425,-0.11339119,0.71852391,-0.92520798,0.75554154,0.74281751,-0.53412217,-0.22219618,0.15464938
0.37879154,-0.18770377,-0.90455893,-0.0912073069999999,-0.36104164,0.71852391,-0.87814885,0.70262213,0.63328245,-0.48844315,-0.15542519,0.0088264581
0.50238617,-0.35145953,-0.98216808,-0.23357869,-0.36185847,0.67692652,-0.83056066,0.65518574,0.63328245,-0.43127083,-0.8612167,-0.12368006
0.49453529,-0.33939193,-0.98113244,-0.35176655,-0.36185847,0.70576907,-0.71708111,0.6970974,0.63874326,-0.46594003,-0.36617515,-0.0100862809999999
0.50873322,-0.36048,-0.9797757,-0.35176655,-0.55514798,0.72043391,-0.71708111,0.71643717,0.57169654,-0.49613177,0.19254267,0.046019968
0.66828427,-0.57349604,-0.96519669,-0.36339946,-0.70993531,0.72043391,-0.86629617,0.52510468,0.15331707,-0.3366412,0.17679454,-0.35193478
0.79297021,-0.74182101,-0.93320926,-0.68315372,-0.71024001,0.50525393,-0.86629617,0.16014065,-0.079831528,-0.034019619,-0.36021288,-0.84957496
0.79692828,-0.75672502,-0.92691522,-0.8177253000000001,-0.71024001,0.090769079,-0.92048585,-0.05899586,-0.080349227,0.12501854,-0.940965,-0.99015441
0.79739372,-0.75607738,-0.92726915,-0.8177253000000001,-0.70250277,-0.0711042009999999,-0.92994293,-0.068420491,-0.080349227,0.13180225,-0.940965,-0.99407607
0.79917435,-0.75875146,-0.92589132,-0.822801,-0.70250277,-0.066390056,-0.93775406,-0.045998244,-0.032167846,0.11596031,-1.0,-0.99846457
0.79725696,-0.75643925,-0.92709147,-0.82113745,-0.70197237,-0.060686767,-0.93775406,-0.040042686,-0.017830709,0.11174753,-1.0,-0.99904071
0.79641242,-0.75507694,-0.92779747,-0.82113745,-0.69884244,-0.0575499,-0.93651022,-0.034589346,-0.012459688,0.1079178,-1.0,-0.99946454
-0.77370661,0.94530277,0.85197487,0.88005207,0.96074833,-0.25256414,-0.154731,-0.24594143,-0.24815121,0.25243212,0.48492597,-0.89948829
-0.76716315,0.941113,0.8410625,0.87317213,0.95340699,-0.25256414,-0.154731,-0.25203524,-0.24372211,0.25691881,0.43822479,-0.8939379999999999
-0.75741393,0.9463639,0.8547949,0.88473147,0.95340699,-0.27006233,-0.17555904,-0.2642781,-0.24412591,0.2644517,0.44137229,-0.88293505
-0.76253431,0.95244515,0.8706565999999999,0.88473147,0.96273657,-0.27325496,-0.15277282,-0.25983791,-0.24412591,0.26085042,0.40829089,-0.88716023
-0.76396808,0.94712514,0.85674401,0.88234561,0.96076124,-0.27359495,-0.15277282,-0.25710034,-0.23065832,0.25962894,0.51019853,-0.88977821
-0.76618572,0.94574875,0.85313658,0.87717278,0.96076124,-0.26542148,-0.073476094,-0.25477781,-0.22854594,0.25825832,0.48455399,-0.8918914000000001
-0.77667683,0.95021213,0.86479559,0.87895496,0.96667248,-0.25345705,-0.073476094,-0.24482976,-0.22668294,0.2512183999999999,0.51969074,-0.90066864
-0.78422533,0.94913033,0.86197819,0.87912691,0.96117913,-0.25323378,-0.20929089,-0.23690505,-0.2137147999999999,0.24608543,0.43225078,-0.90760669
-0.7601763000000001,0.94691727,0.85618709,0.87654171,0.95787983,-0.27383035,-0.29039716,-0.26205559,-0.2653281,0.26295137,0.33628378,-0.88497202
-0.76411341,0.94686993,0.85605712,0.87538079,0.96270813,-0.27206794,-0.068582605,-0.25580058,-0.23106739,0.25875981,0.43796065,-0.8909611999999999
-0.76548846,0.9454189,0.8522716999999999,0.87538079,0.96171457,-0.27206794,-0.068582605,-0.25466811,-0.22684894,0.25819326,0.41528241,-0.89201191
-0.76460055,0.94193674,0.84320045,0.87181197,0.95376412,-0.27410086,-0.091285176,-0.25575938,-0.22702946,0.25932627,0.40537327,-0.89101783
-0.76024173,0.93746757,0.83159392,0.86906632,0.95275431,-0.27426143,-0.091285176,-0.25840003,-0.23571488,0.2615288,0.34802308,-0.88855539
-0.75288184,0.93719527,0.83089034,0.87263433,0.95275431,-0.27708484,-0.00081842088,-0.26621211,-0.24326033,0.26672866,0.50917576,-0.88116487
-0.75597648,0.94782306,0.85862047,0.88764409,0.95564078,-0.27328392,-0.00081842088,-0.265399,-0.24326033,0.2649955,0.38154617,-0.8819046999999999
-0.76399734,0.95736507,0.88357718,0.88908035,0.96774916,-0.27328392,-0.074992302,-0.25851158,-0.23973123,0.25941575,0.49127978,-0.88844298
-0.76801471,0.95473147,0.87666171,0.88908035,0.96367366,-0.26921671,-0.074992302,-0.25421267,-0.22947635,0.25690064,0.41885954,-0.89240575
-0.76947723,0.94502756,0.85127808,0.88010356,0.95769745,-0.26817522,-0.11495339,-0.25147834,-0.22707415,0.25616716,0.55580877,-0.89490199
-0.77673604,0.9433439,0.84687434,0.87458005,0.95769745,-0.25028837,-0.17806678,-0.24400324,-0.22282497,0.25140647,0.45102411,-0.90138959
-0.78696273,0.94864827,0.86070566,0.87816668,0.96157546,-0.25028837,-0.27832842,-0.23438221,-0.21638974,0.24447112,0.39704562,-0.909701
-0.76418507,0.9564181,0.88108116,0.88664463,0.96883594,-0.27561477,0.032522048,-0.26000305,-0.23404071,0.26056458,0.46296308,-0.88708008
-0.75699771,0.95149993,0.86823533,0.8854504999999999,0.95310541,-0.2794559,0.032522048,-0.26356251,-0.24161521,0.26332065,0.53878655,-0.88371542
-0.75073949,0.93851389,0.83438739,0.88316066,0.94866336,-0.28078848,0.022736869,-0.26841916,-0.24278362,0.26801857,0.40588765,-0.87907397
-0.74996259,0.93447152,0.82383499,0.8663568000000001,0.94866336,-0.28655943,0.022736869,-0.26936496,-0.24278362,0.26915125,0.53333816,-0.87817806
-0.75120873,0.93776033,0.83235857,0.86989396,0.95110648,-0.28658282,-0.0663636859999999,-0.26882859,-0.24202413,0.26841942,0.61481392,-0.87870246
-0.75218118,0.93861575,0.83457756,0.86989396,0.95110648,-0.27842743,-0.15851726,-0.26828456,-0.24202413,0.26797457,0.54196427,-0.87920924
-0.7619169,0.94075878,0.8401485999999999,0.88003559,0.95466474,-0.2669119,-0.11001058,-0.25886389,-0.24165835,0.26152893,0.45311431,-0.88799234
-0.77319853,0.95022231,0.86489209,0.88649664,0.95547642,-0.2669119,-0.019153476,-0.24907103,-0.22698277,0.25403912,0.44360145,-0.8970499
-0.77733154,0.9568354,0.88217135,0.88649664,0.97340828,-0.26023389,-0.019153476,-0.24566304,-0.21821923,0.25108876,0.43453109,-0.90006674
-0.77943645,0.95367537,0.87387233,0.8830456,0.96862127,-0.25765371,-0.0859145259999999,-0.24255418,-0.2224145,0.24935545,0.48868615,-0.90276405
-0.77000474,0.95226274,0.87016777,0.88192907,0.96570391,-0.25765371,-0.21304722,-0.25175686,-0.23696276,0.25555509,0.4924738,-0.89441547
-0.7560886,0.94715881,0.85684005,0.88192907,0.95842022,-0.27423586,-0.19884218,-0.26440906,-0.23766547,0.26439169,0.44123831,-0.88291717
-0.75778247,0.94365045,0.84766611,0.87501694,0.95842022,-0.27087232,-0.19884218,-0.26163413,-0.23766547,0.26295042,0.39560538,-0.88549687
-0.75507581,0.94214757,0.84398839,0.8888056999999999,0.94045396,-0.27450605,0.14787012,-0.26420665,-0.24337952,0.26481403,0.51533546,-0.8830278
-0.74751728,0.93159584,0.81642377,0.86740799,0.94045396,-0.28172208,0.03235224,-0.26943482,-0.24337952,0.26945243,0.42927695,-0.87810003
-0.75069611,0.9412032,0.8413158000000002,0.87494868,0.95062198,-0.28707714,0.03235224,-0.26925779,-0.24132339,0.26826977,0.3822123,-0.87828593
-0.75566247,0.94630634,0.85458731,0.87494868,0.96137323,-0.27223115,-0.0037115193,-0.26574318,-0.24132339,0.2654055999999999,0.30928178,-0.88161406
-0.76618025,0.94588224,0.85347998,0.87444833,0.96082418,-0.26764716,-0.11948537,-0.25529462,-0.23752323,0.25860267,0.42308903,-0.89135147
-0.76954206,0.94257515,0.84486539,0.87372448,0.95752574,-0.26764716,-0.11948537,-0.25166426,-0.22685839,0.25658101,0.49743901,-0.89472669
-0.7719047,0.94245852,0.84456468,0.87610052,0.95752574,-0.26019008,-0.16085922,-0.24934122,-0.22685839,0.25505965,0.54803343,-0.8967642
-0.77791642,0.94799378,0.85900581,0.87770547,0.95958635,-0.26019008,-0.2524977,-0.24400902,-0.22029619,0.25093636,0.42316559,-0.90150755
-0.77476745,0.9518559,0.86909792,0.8796704,0.96916804,-0.26026651,-0.19308909,-0.24777784,-0.22241649,0.25301468,0.38920769,-0.89817424
-0.77410047,0.95268931,0.87128393,0.8815021000000001,0.96936324,-0.25878406,-0.19308909,-0.24891956,-0.22241649,0.25368941,0.34917181,-0.89716103
-0.78088346,0.95074425,0.86619164,0.8815021000000001,0.96544132,-0.25582598,-0.18094808,-0.24149087,-0.22215608,0.24898628,0.38050881,-0.90364771
-0.78315381,0.94991264,0.86401374,0.88006761,0.96535582,-0.25442954,-0.050130717,-0.23802568,-0.21242216,0.2467452,0.34507105,-0.90665821
-0.77995361,0.95276814,0.87149579,0.88227103,0.96535582,-0.25442954,-0.050130717,-0.24024162,-0.22004906,0.24786871,0.42625433,-0.90474192
-0.77136308,0.95142625,0.86798294,0.88227103,0.96514254,-0.25447335,-0.22915947,-0.24835088,-0.2271541,0.25333715,0.42360167,-0.89758744
-0.76834002,0.93118552,0.8155045,0.8776290000000001,0.93229428,-0.24563032,0.24422494,-0.25003777,-0.23667873,0.25671218,0.41459836,-0.89569227
-0.79076448,0.94706198,0.85668127,0.88533288,0.93663451,-0.24239658,0.19967601,-0.2304889,-0.22562726,0.24204769,0.50992673,-0.91280742
-0.80223567,0.95929939,0.88867302,0.89149757,0.97001624,-0.2269277,0.19967601,-0.2204156,-0.20040846,0.23416634,0.38612846,-0.92088067
-0.80361895,0.95898314,0.8878665000000001,0.89149757,0.95943412,-0.2269277,0.33635049,-0.21665616,-0.20032944,0.23163941,0.49973332,-0.92381835
-0.80066823,0.9494625,0.86288956,0.89041087,0.95898424,-0.23018371,0.53149063,-0.2174463999999999,-0.19548759,0.2330244,0.50883363,-0.9232621
-0.81288865,0.95466327,0.87657845,0.8991106,0.95898424,-0.21335217,0.53149063,-0.20692497,-0.19536675,0.22555373,0.54413907,-0.93095217
-0.81139678,0.95827116,0.88601132,0.8991106,0.96170733,-0.21335217,0.42881097,-0.20727327,-0.19356126,0.2254286,0.62955444,-0.93068237
-0.80292139,0.94976646,0.86364346,0.88381909,0.96170733,-0.22561488,0.42881097,-0.21600426,-0.19356126,0.23205458,0.48531557,-0.92437165
-0.81063529,0.95162211,0.86850174,0.88529275,0.9623019,-0.22736706,0.15867834,-0.21071237,-0.19286442,0.22840498,0.6020353,-0.92836696
-0.74616191,0.92083549,0.78876841,0.86122098,0.92900964,-0.26775483,0.54451198,-0.26701193,-0.2775092999999999,0.26903773,0.70868414,-0.87977617
-0.76198546,0.92721895,0.80515778,0.86193314,0.92900964,-0.26775483,0.54451198,-0.2575283,-0.2372788,0.26221497,0.53980558,-0.88928999
-0.75577641,0.93801097,0.8331705,0.89573844,0.94470535,-0.27425888,0.39965938,-0.26552471,-0.2559889999999999,0.26627029,0.65158263,-0.88178378
-0.74364203,0.94298012,0.8461343000000001,0.89573844,0.94478221,-0.27803545,0.41211967,-0.27697935,-0.26016961,0.27312025,0.57543104,-0.87042289
-0.74323259,0.93458522,0.82424581,0.89471726,0.94422757,-0.27970303,0.46033226,-0.27671301,-0.26016961,0.27399058,0.55447508,-0.87073493
-0.75071346,0.93800984,0.83311498,0.88382428,0.94422757,-0.27967171,0.46033226,-0.26721322,-0.2442471,0.26723556,0.57170891,-0.88022296
-0.75537696,0.93926427,0.83636036,0.88382428,0.94463079,-0.261872,0.63640789,-0.26240716,-0.24155342,0.26391824,0.58461108,-0.88465789
-0.77116188,0.93532883,0.82608565,0.8722924999999999,0.94463079,-0.25779844,0.63640789,-0.24875006,-0.24017921,0.25543401,0.45895059,-0.8971005
-0.73992624,0.92422997,0.79745839,0.86509399,0.93395793,-0.28334968,0.12485933,-0.27642083,-0.26534344,0.2749719,0.50562765,-0.87106981
-0.75769767,0.9334885,0.82132655,0.86907565,0.93673335,-0.27441265,0.34569746,-0.26237699,-0.24248641,0.26469515,0.49326714,-0.88477601
-0.76622434,0.9452027,0.85176212,0.88566643,0.95216144,-0.2629779,0.34569746,-0.25496927,-0.24714395,0.25845668,0.50593781,-0.89161254
-0.75066909,0.92813939,0.80813027,0.88566643,0.90854443,-0.2629779,0.34323986,-0.26799814,-0.2572369,0.26901477,0.46569729,-0.87896163
-0.75120111,0.90796935,0.75610686,0.86823587,0.90854443,-0.25422571,0.34323986,-0.2655417999999999,-0.2572369,0.26985222,0.47394563,-0.88118617
-0.768861,0.93019322,0.81318932,0.87884277,0.9112368,-0.25422571,0.18435317,-0.24940844,-0.2356932,0.25640384,0.25857519,-0.89652938
-0.7628088000000001,0.94256743,0.84489649,0.87884277,0.94962239,-0.25432613,0.15481704,-0.25374076,-0.23407471,0.25777357,0.26720403,-0.89266067
-0.77094316,0.93764095,0.83205661,0.8723396999999999,0.94962239,-0.25926055,0.15972982,-0.248511,-0.23407471,0.25499331,0.45172433,-0.89736355
-0.73017965,0.93935459,0.83711444,0.90079381,0.91599599,-0.26524516,-0.2209385,-0.28099607,-0.28969889,0.2757426,0.084182953,-0.86534897
-0.69548078,0.90782845,0.75564773,0.85772789,0.91599599,-0.3060979,-0.31913613,-0.31639379,-0.30348793,0.30321441,0.073077245,-0.8278713
-0.68162013,0.90332145,0.74410879,0.83980952,0.91617452,-0.34053938,-0.26951781,-0.32878069,-0.30348793,0.31183747,0.12962829,-0.81374215
-0.68671499,0.91286572,0.76841945,0.85578691,0.91698645,-0.33498294,-0.16984818,-0.32537586,-0.30234593,0.30824283,0.18568446,-0.81777405
-0.69326684,0.91968631,0.78584776,0.8587444,0.91705742,-0.33498294,-0.16984818,-0.32327736,-0.30093719,0.30613251,0.14826844,-0.82027272
-0.69838906,0.91447109,0.77250946,0.8587444,0.91986778,-0.32447691,-0.23294709,-0.31989706,-0.29856637,0.30487801,0.21763157,-0.82416716
-0.70225292,0.91307417,0.76889823,0.85018603,0.91986778,-0.32447691,-0.23294709,-0.31665935,-0.29855774,0.3030355999999999,0.15794992,-0.82792136
-0.69189005,0.91214896,0.76653947,0.85018603,0.92270666,-0.32829126,-0.16093241,-0.32596046,-0.30968732,0.30912876,0.25946165,-0.81695391
-0.69766239,0.93206988,0.81843606,0.90450272,0.91637494,-0.27441919,-0.0843499269999999,-0.31920065,-0.32780029,0.30165425,0.13577009,-0.82232065
-0.6624350999999999,0.90583998,0.7505026,0.85140038,0.91637494,-0.35104229,-0.0843499269999999,-0.35284871,-0.32780029,0.32717524,0.14442884,-0.78372935
-0.65764544,0.89842695,0.73179738,0.83457614,0.90041159,-0.36845172,-0.25010096,-0.3561928,-0.33418356,0.33047549,0.23637378,-0.77941521
-0.65803196,0.89521737,0.72368026,0.83068058,0.90041159,-0.3673901,-0.21511695,-0.355796,-0.33418356,0.33079212,0.089219038,-0.77992375
-0.6622363,0.89888016,0.7328869,0.83408007,0.90859114,-0.36506228,-0.21511695,-0.35213276,-0.32847934,0.32785803,0.14368407,-0.78470507
-0.66711711,0.89888028,0.73288371,0.83408007,0.90859114,-0.35897921,-0.19786643,-0.34765868,-0.32458162,0.32503511,0.28269687,-0.79041053
-0.66740046,0.89996176,0.73560592,0.83363914,0.91063928,-0.35897921,-0.19786643,-0.34767434,-0.32892376,0.32488244,0.14501566,-0.7903472
-0.65349636,0.89560464,0.72465185,0.83363914,0.90340838,-0.35901861,-0.27422419,-0.35903232,-0.34011221,0.33266801,-0.024042706,-0.77555357
-0.64409123,0.89102832,0.71311357,0.8219323000000001,0.90340838,-0.37906566,-0.40924259,-0.36713357,-0.34011221,0.33851074,-0.10889129,-0.76494054
-0.6951592,0.92556435,0.80137263,0.89189045,0.91477593,-0.29667249,-0.0611878209999999,-0.32223589,-0.31897143,0.3046152,0.1189847,-0.82023159
-0.66946551,0.90540474,0.74939536,0.84791417,0.91477593,-0.35023616,-0.0611878209999999,-0.34505404,-0.31958354,0.32223489,0.3007257,-0.79371488
-0.66297323,0.89978807,0.73521428,0.83457602,0.90310935,-0.35949153,-0.11436307,-0.35076356,-0.3309509,0.3267754,0.30011563,-0.78640759
-0.66245366,0.89780902,0.7302074000000001,0.83457602,0.90310935,-0.35894558,-0.24947507,-0.35321481,-0.3309509,0.32884307,0.12799056,-0.78327239
-0.67139987,0.90029946,0.7364797,0.83562655,0.9053845,-0.34974295,-0.24947507,-0.34325537,-0.32632137,0.32196274,0.1309784,-0.7958795
-0.67401303,0.8950978999999999,0.72338241,0.83562655,0.90409427,-0.34974295,-0.13309147,-0.33758462,-0.31342883,0.31895999,0.22571606,-0.8030461999999999
-0.67132627,0.89390779,0.72037343,0.82917445,0.90283853,-0.35453055,-0.081914436,-0.34204157,-0.31707983,0.32217212,0.27571219,-0.79750965
-0.67025574,0.89933954,0.73405334,0.83302655,0.90283853,-0.36125164,-0.0075010747,-0.3451352,-0.31933824,0.32338923,0.1048388,-0.79364067
-0.66780836,0.9002146000000001,0.73624392,0.83302655,0.91072594,-0.36007293,0.080719274,-0.34601613,-0.31941384,0.32367924,0.33753232,-0.79252308
-0.68758294,0.92902391,0.80989735,0.87990029,0.9385778,-0.33799141,-0.93717339,-0.33682804,-0.31912647,0.31384947,-1.0,-0.80372223
-0.6766057,0.9218254,0.79124019,0.85171879,0.9385778,-0.356545,-0.93439013,-0.34717939,-0.31912647,0.32153802,-1.0,-0.79104311
-0.68048708,0.92579791,0.8014380999999999,0.85267231,0.94282925,-0.35714658,-0.93439013,-0.34394546,-0.31845211,0.31888283,-1.0,-0.79512863
-0.68619309,0.92797881,0.8070524,0.85604973,0.94744733,-0.34877785,-0.93461118,-0.33822701,-0.31157106,0.31490527,-0.940965,-0.8022494000000001
-0.69201661,0.92999424,0.81224915,0.85703051,0.94840576,-0.34613617,-0.93461118,-0.33243089,-0.30683787,0.31090508,-0.940965,-0.80934413
-0.68794328,0.92836922,0.80806425,0.85703051,0.94501347,-0.34613617,-0.93520858,-0.33647863,-0.31499306,0.31373338,-1.0,-0.80432461
-0.67958604,0.92493645,0.79922212,0.85377451,0.94488257,-0.35464856,-0.93520858,-0.34470941,-0.31500079,0.31949771,-1.0,-0.7941724
-0.6790156999999999,0.92487803,0.79907107,0.85130175,0.94488257,-0.36159058,-0.93787625,-0.3452228,-0.31500079,0.31982772,-1.0,-0.79353717
-0.68062271,0.92555134,0.80080194,0.85130175,0.94560326,-0.36122384,-0.93447493,-0.34363084,-0.3135784,0.31871103,-0.940965,-0.79554278
-0.68100363,0.92511537,0.79968071,0.85119647,0.94566282,-0.36122384,-0.93447493,-0.34315062,-0.3118251999999999,0.31847137,-1.0,-0.79614669
-0.68043619,0.9250657,0.79955296,0.8509039,0.94566282,-0.36152571,-0.9408002,-0.34371509,-0.31262148,0.3188366,-1.0,-0.79543779
-0.68098471,0.92569508,0.80117169,0.85165013,0.94599932,-0.35931017,-0.94444392,-0.34320849,-0.31262148,0.31841571,-1.0,-0.79607172
-0.6817239,0.92578891,0.80141323,0.85165013,0.94506773,-0.35930299,-0.94444392,-0.34243891,-0.3129672,0.31791099,-1.0,-0.7970362
-0.67929492,0.92431613,0.79762768,0.85164939,0.94375174,-0.35930299,-0.93388726,-0.34471813,-0.31623694,0.3195845,-1.0,-0.79416489
-0.65124697,0.91165931,0.76551315,0.85518111,0.90349615,-0.34853575,-0.89741823,-0.36886927,-0.39242723,0.33663542,-1.0,-0.76005751
-0.68506822,0.9269698,0.80445994,0.85518111,0.93811144,-0.34853575,-0.93197397,-0.33745487,-0.32521335,0.31444188,-1.0,-0.80315114
-0.68125025,0.92628592,0.80269364,0.85487882,0.94595498,-0.35038177,-0.94501777,-0.34107536,-0.31281082,0.31683141,-1.0,-0.79871371
-0.67884758,0.92485665,0.7990155,0.85075524,0.94530047,-0.36009781,-0.94111697,-0.34285915,-0.31281082,0.31814719,-1.0,-0.79651002
-0.67854439,0.92429226,0.7975649,0.85021628,0.94410308,-0.36009781,-0.94111697,-0.34337231,-0.31552698,0.31858003,-1.0,-0.79586302
-0.67475318,0.92319593,0.79474921,0.84965167,0.94314908,-0.36109407,-0.94396079,-0.34708939,-0.31847188,0.3211037,-1.0,-0.79116298
-0.67271545,0.92255001,0.79309037,0.84851305,0.94314908,-0.36426556,-0.93830071,-0.34857415,-0.31847188,0.32210519,-1.0,-0.78928384
-0.6738962,0.92288852,0.79395927,0.84852292,0.94334821,-0.36426116,-0.93830071,-0.34699961,-0.31799919,0.32102549,-1.0,-0.79128823
-0.67461259,0.92317108,0.79468468,0.84870143,0.94389701,-0.36401001,-0.94260397,-0.34609368,-0.31474511,0.32039249,-1.0,-0.79243867
-0.67548134,0.92334149,0.79512231,0.8491699,0.94396111,-0.36141587,-0.94343889,-0.34517631,-0.31441593,0.31978158,-1.0,-0.79359657
-0.6771265999999999,0.92387765,0.79649974,0.85010033,0.94403342,-0.3610854,-0.94385467,-0.34365863,-0.31392737,0.31874423,-1.0,-0.79550708
-0.67817866,0.92454971,0.79822646,0.85010033,0.94492456,-0.36047757,-0.94414924,-0.34272485,-0.31122792,0.31805261,-1.0,-0.79668031
-0.49836738,0.78629073,0.4609747999999999,0.7826390000000001,0.79100454,0.3216863,-0.93131665,0.30427097,0.10754742,-0.13014451,-0.940965,-0.79042976
-0.49840221,0.77811941,0.44160453,0.71269578,0.79100454,0.3216863,-0.93131665,0.32209718,0.32665786,-0.14479274,-1.0,-0.77605446
-0.51262349,0.78539959,0.45835762,0.71269578,0.8041839,0.27698835,-0.94063375,0.30836272,0.32665786,-0.13508295,-1.0,-0.79440933
-0.50918519,0.78552281,0.45864086,0.71268019,0.80887064,0.27710564,-0.9404844,0.3114416,0.32900683,-0.13689363,-1.0,-0.79052486
-0.50961215,0.7856137,0.45885125,0.71223643,0.80887064,0.27710564,-0.9404844,0.31146614,0.33260956,-0.13694797,-1.0,-0.79049699
-0.50987777,0.78596443,0.45966309,0.71223643,0.80953098,0.2775645,-0.9430528,0.31117937,0.33260956,-0.13670326,-1.0,-0.79086176
-0.50864437,0.78557279,0.45875628,0.71209934,0.80920008,0.27807879,-0.9430528,0.31260604,0.33278015,-0.13767151,-1.0,-0.78904482
-0.5093005,0.78557878,0.45877016,0.71208381,0.80920008,0.27807879,-0.94004279,0.31233071,0.33319885,-0.13755096,-1.0,-0.78939563
-0.51060024,0.78579977,0.4592818,0.71208874,0.80927837,0.27696004,-0.94004279,0.31174844,0.33319885,-0.13724409,-1.0,-0.79013903
-0.51071551,0.78585024,0.45939862,0.71208874,0.80954508,0.27696004,-0.94114574,0.31204932,0.33343255,-0.13747018,-1.0,-0.78975623
-0.51046111,0.78572489,0.4591083999999999,0.71188356,0.80901644,0.2778355999999999,-0.94114574,0.31197396,0.3334309,-0.13740687,-1.0,-0.78985182
0.319305,-0.10308768,-0.87240843,-0.12386769,-0.095019125,0.75967401,-0.85629948,0.80189333,0.7995389,-0.58771761,-0.89799999,0.2971341
0.2893005,-0.06299006,-0.84398394,-0.11688628,-0.066607945,0.75967401,-0.89751575,0.80003329,0.81006569,-0.58428327,-1.0,0.29122631
0.27854931,-0.048389323,-0.83308194,-0.11688628,-0.01094845,0.74936955,-0.93608505,0.79567669,0.81006569,-0.57777093,-1.0,0.27746158
0.27813235,-0.047927566,-0.83272089,-0.11612852,-0.006818482,0.74736375,-0.93606548,0.79574623,0.81045223,-0.57805995,-1.0,0.27767916
0.27705205,-0.0467126879999999,-0.83176745,-0.11604333,-0.0063605256,0.74729201,-0.93606548,0.7954083000000001,0.81005646,-0.5781225,-1.0,0.27661843
0.2767261,-0.04661734,-0.8316928,-0.11604333,-0.0051435297,0.74673063,-0.93930579,0.79482223,0.80953142,-0.57817875,-1.0,0.27477961
0.27641877,-0.046186846,-0.83135364,-0.11524398,-0.0051435297,0.74642227,-0.93930579,0.7945045000000001,0.80950676,-0.57772171,-1.0,0.27378316
0.27630488,-0.045756393,-0.83101515,-0.11524398,-0.0043721036,0.74694695,-0.94167987,0.79494079,0.80950676,-0.57760254,-1.0,0.27515176
0.27664001,-0.0462393279999999,-0.83139559,-0.11569042,-0.0043802861,0.74694695,-0.93944847,0.79503831,0.80977844,-0.57782385,-1.0,0.27545752
0.27650352,-0.0462201729999999,-0.83138046,-0.11579812,-0.0047818152,0.74646861,-0.93944847,0.79462305,0.80974965,-0.57768574,-1.0,0.2741548
0.27682914,-0.046505809,-0.83160504,-0.11579812,-0.0050171594,0.74685346,-0.94101323,0.79471389,0.80973879,-0.57746589,-1.0,0.27443975
0.27645911,-0.0458250159999999,-0.8310681999999999,-0.11425978,-0.0050171594,0.74697341,-0.94079269,0.79508264,0.80973879,-0.5774644,-1.0,0.27559656
-0.73369356,0.91575268,0.77642765,0.86077541,0.84740386,0.073452504,-0.82593084,0.071334492,0.058506286,0.034761896,-0.89799999,-0.9832649
-0.76153551,0.9286387,0.80876805,0.86077541,0.94463265,0.073452504,-0.9432263,0.094979379,0.093988672,0.018601993,-1.0,-0.97521438
-0.74944192,0.9235361,0.79562477,0.85226871,0.94156839,0.072667886,-0.9432263,0.095960176,0.11712315,0.017871488,-1.0,-0.97489078
-0.7404593,0.92091184,0.78888992,0.84884589,0.94037297,0.078233772,-0.9414743,0.10068558,0.11712951,0.014641909,-1.0,-0.97273002
-0.73730326,0.91934116,0.78486405,0.84572249,0.93989972,0.07875758,-0.9414743,0.10714227,0.12684736,0.010155365,-1.0,-0.96974348
-0.73720647,0.91878808,0.78344797,0.84453652,0.93895274,0.079301006,-0.94241476,0.10814091,0.13221826,0.0094325248,-1.0,-0.96926645
-0.7353437,0.91804484,0.7815463,0.84426455,0.93836228,0.0858989469999999,-0.94241476,0.11075236,0.13221826,0.0076223379,-1.0,-0.96795954
-0.73410939,0.91787683,0.78111647,0.844375,0.93836228,0.085926003,-0.94330201,0.11451262,0.13502806,0.005038982,-1.0,-0.96608033
-0.73441166,0.91824934,0.78206949,0.844375,0.93824122,0.086938183,-0.94411999,0.1150413,0.13865191,0.0046902748,-1.0,-0.9658128
-0.73353702,0.91770587,0.7806793000000001,0.84435762,0.937953,0.088276627,-0.9411516,0.1165863,0.13865191,0.0036063741,-1.0,-0.96500992
-0.73394659,0.91767493,0.78059997,0.8436243,0.937953,0.088276627,-0.9411516,0.11742018,0.14105564,0.0030167146,-1.0,-0.96458057
-0.73401796,0.91723704,0.77948087,0.8436243,0.93683362,0.0928337,-0.93871577,0.11931644,0.14105564,0.0016717346,-1.0,-0.96356698
0.26954478,-0.055034629,-0.83647134,-0.079814823,-0.14042517,0.86599946,-0.67128376,0.87234565,0.83766073,-0.75428494,-0.1470154,0.53179329
0.36427666,-0.16876892,-0.90294148,-0.079814823,-0.25035687,0.88001315,-0.91333655,0.91490323,0.89378867,-0.8048647,-0.13483841,0.67960582
0.45077589,-0.27793837,-0.96387338,-0.25952788,-0.25035687,0.88062299,-0.90721557,0.92885299,0.93159255,-0.77169117,-0.940965,0.72983827
0.45779998,-0.28781038,-0.967909,-0.35127683,-0.24931088,0.88618789,-0.90721557,0.9304777,0.93872016,-0.77716051,-0.940965,0.73576832
0.45167239,-0.27981806,-0.96503014,-0.33081903,-0.24343742,0.89576374,-0.91676233,0.93756427,0.93872016,-0.79860273,-1.0,0.76192499
0.44189198,-0.26612231,-0.96000128,-0.32942514,-0.23576246,0.89576374,-0.91676233,0.94630484,0.9520597,-0.81776067,-1.0,0.79416356
0.43649308,-0.25863635,-0.95711661,-0.32142424,-0.21472484,0.89572849,-0.92793452,0.94546379,0.95484295,-0.81477122,-1.0,0.79103247
0.43354061,-0.25465591,-0.95552497,-0.32126784,-0.21403178,0.89297316,-0.93664209,0.94214079,0.95312382,-0.80710001,-1.0,0.77869965
0.43380479,-0.25494683,-0.95564457,-0.32126784,-0.21316596,0.88996558,-0.93391108,0.94101831,0.95176059,-0.80351655,-1.0,0.77453852
0.44449034,-0.26976596,-0.96116739,-0.32396176,-0.26154422,0.88996558,-0.93391108,0.93317912,0.92594861,-0.78632161,-1.0,0.74584806
0.46914411,-0.30336177,-0.97252507,-0.32954983,-0.28064783,0.88591939,-0.92598021,0.91828313,0.92383965,-0.75058451,-1.0,0.69155297
-0.68104788,0.92433486,0.79769019,0.85774843,0.93978414,-0.32207599,-0.24432386,-0.31690418,-0.29697788,0.30010432,0.2973947999999999,-0.82758816
-0.6821054,0.9238966,0.79655769,0.85433695,0.93978414,-0.32911392,-0.23167048,-0.31931477,-0.29697788,0.30193551,0.42271692,-0.82486643
-0.68813867,0.92491028,0.79915885,0.85433695,0.94097638,-0.32805571,-0.18875551,-0.3125677,-0.29130045,0.29744498,0.41369962,-0.83267803
-0.68890993,0.92075648,0.78850347,0.85159057,0.93444682,-0.32322061,-0.16322849,-0.31295626,-0.28826387,0.29838515,0.45842005,-0.8322259
-0.69728658,0.91926719,0.78468789,0.85188251,0.93444682,-0.31634806,-0.16322849,-0.30673595,-0.28826387,0.29474984,0.33192449,-0.83911946
-0.70441377,0.92244172,0.79282622,0.85417455,0.93505072,-0.31628142,-0.14872389,-0.29937171,-0.27207877,0.28952798,0.39333598,-0.84735271
-0.69789993,0.91935585,0.78493602,0.85417455,0.93102244,-0.31628142,-0.14872389,-0.30357378,-0.27873559,0.2925417,0.47931872,-0.84272954
-0.6958270000000001,0.91772734,0.78075212,0.84902831,0.93102244,-0.32027507,-0.16706044,-0.30504418,-0.27873559,0.29368831,0.42815404,-0.84112329
-0.70754928,0.92943207,0.81087336,0.86751859,0.93709882,-0.31173469,-0.11027758,-0.30401656,-0.28353146,0.2919864,0.47193648,-0.84215692
-0.68889282,0.91735078,0.77978905,0.85564155,0.93034777,-0.32488169,-0.11027758,-0.31208854,-0.28353146,0.29827941,0.59932485,-0.83323366
-0.69141602,0.91708209,0.77911369,0.85439599,0.93034777,-0.32271507,-0.22748725,-0.3101711,-0.2834744999999999,0.29712772,0.50551655,-0.83538959
-0.69729805,0.92698246,0.80454895,0.86599523,0.93038776,-0.32090594,-0.0530249209999999,-0.30575951,-0.27894839,0.29294262,0.3549469,-0.84033284
-0.6965465999999999,0.93547823,0.8264375,0.8661885,0.9494377,-0.32090594,-0.0530249209999999,-0.30525506,-0.27678394,0.29132821,0.39426175,-0.84089881
-0.70112185,0.93372745,0.8219146999999999,0.8661885,0.94468973,-0.31457532,-0.13966211,-0.3023205,-0.27678394,0.28980506,0.51548577,-0.84410057
-0.71032462,0.92942237,0.81078882,0.8633911,0.94456604,-0.30606823,-0.13966211,-0.29501043,-0.27335119,0.28582479,0.51645012,-0.85201924
-0.7146679,0.93457407,0.82412595,0.86783058,0.94456604,-0.3057337,-0.11432651,-0.29215241,-0.26761166,0.28335895,0.55594936,-0.85506458
-0.709921,0.93555671,0.82665821,0.86783058,0.94670359,-0.3057337,-0.072467819,-0.29665225,-0.27613092,0.28610361,0.59716662,-0.85023542
-0.70012483,0.9323586,0.81836879,0.86438865,0.94670359,-0.31681267,-0.072467819,-0.30419659,-0.27865855,0.29125043,0.51998752,-0.84204261
-0.69948474,0.9349668,0.82510984,0.86438865,0.94985185,-0.31917153,-0.14902344,-0.30466961,-0.27865855,0.2911716,0.52165363,-0.84153127
-0.6974121,0.92591011,0.80185283,0.86400842,0.92250489,-0.31917153,-0.17345665,-0.30442391,-0.27826081,0.29216597,0.55163644,-0.84180536
-0.68901749,0.91358989,0.77023126,0.85370136,0.92250489,-0.32199474,-0.072014049,-0.30979655,-0.28622775,0.29722651,0.60113898,-0.83581037
-0.65582461,0.91071441,0.76304654,0.85965435,0.90977891,-0.33650805,0.11650772,-0.33413817,-0.33154633,0.31252256,0.65706366,-0.80699939
-0.63506427,0.8936393,0.71970232,0.83266707,0.90456433,-0.3483829,-0.14169753,-0.34974781,-0.33647365,0.32473847,0.50468486,-0.78750719
-0.65664237,0.90141396,0.73940767,0.84248903,0.90456433,-0.33596591,-0.066366113,-0.33822586,-0.33647365,0.31701024,0.44543215,-0.80153881
-0.6734661,0.91294515,0.76853129,0.84248903,0.92516873,-0.33596591,-0.066366113,-0.32276205,-0.29718141,0.30544386,0.65467554,-0.82089089
-0.68128968,0.91572498,0.77563916,0.85473596,0.9314005,-0.31925974,-0.10617135,-0.31621827,-0.29602206,0.30093534,0.53518447,-0.82836239
-0.69657221,0.92233892,0.79257528,0.855733,0.93325049,-0.31558389,-0.0904306219999999,-0.30421645,-0.28550841,0.29248229,0.49242877,-0.84198875
-0.69427241,0.93346665,0.82129172,0.87167533,0.9419033,-0.31558389,-0.0904306219999999,-0.30944829,-0.28989173,0.29440179,0.46690376,-0.83604872
-0.68783042,0.9314127,0.81604856,0.87167533,0.93404757,-0.32679213,-0.25746631,-0.31747186,-0.28989173,0.29989827,0.41196263,-0.82705785
-0.70086848,0.92237373,0.7926873000000001,0.86573709,0.93401483,-0.3043929,-0.10419147,-0.30392369,-0.28929985,0.29253422,0.51428202,-0.84201004
-0.71175472,0.9216101,0.79069454,0.85490363,0.93401483,-0.30422888,-0.10419147,-0.29221982,-0.27553279,0.28502367,0.58711556,-0.85494196
-0.70570209,0.92446366,0.79802726,0.85784936,0.93858199,-0.30422888,-0.22939244,-0.29921642,-0.2763623,0.28920797,0.48089599,-0.84742083
-0.69742212,0.92868934,0.80888636,0.85784936,0.94338147,-0.32086517,-0.19891202,-0.30828918,-0.28297442,0.29447907,0.51509461,-0.83750263
-0.69912393,0.93028058,0.81299332,0.86051463,0.94725775,-0.30663927,-0.19891202,-0.3049341,-0.28297442,0.29200229,0.57552086,-0.84112145
-0.70296573,0.93042115,0.8133733,0.86377105,0.94309812,-0.31295107,0.030845135,-0.31027753,-0.29592294,0.29596576,0.47222035,-0.83498841
-0.68005353,0.92599205,0.8019401999999999,0.85580843,0.94309812,-0.32801048,0.030845135,-0.32217741,-0.29592294,0.30348717,0.50488195,-0.82156726
-0.68396674,0.92811872,0.80741829,0.85808986,0.94418619,-0.32916387,-0.20577194,-0.31810399,-0.29378536,0.30057561,0.45142466,-0.82630024
-0.69484445,0.928801,0.80917682,0.85808986,0.94499787,-0.32430583,0.0092406968,-0.31015435,-0.2858199,0.29560984,0.38211905,-0.83540108
-0.70106323,0.93342206,0.82115648,0.87223114,0.94499787,-0.3176473,0.0092406968,-0.30413854,-0.27870654,0.29111539,0.57168711,-0.84211778
-0.70069939,0.93841252,0.83406032,0.87223114,0.9483238000000002,-0.3176473,0.0073621936,-0.30245631,-0.27734941,0.28921606,0.54210363,-0.84397327
-0.69838453,0.9305479,0.81373187,0.87055325,0.93585846,-0.31828309,-0.060596819,-0.30405775,-0.27734941,0.29130532,0.65204356,-0.84221202
-0.70130477,0.91789362,0.78119827,0.85241384,0.9307309,-0.31765898,-0.12478978,-0.30250261,-0.27693101,0.29220391,0.68585513,-0.84391996
-0.70104058,0.91659698,0.77788142,0.85795109,0.9307309,-0.31765898,-0.056907373,-0.30389345,-0.27905914,0.29336025,0.7080947,-0.84237634
-0.70145388,0.92691117,0.80434926,0.86189423,0.93368783,-0.3150726,0.024377874,-0.30275478,-0.27905914,0.29109603,0.55762487,-0.84361056
-0.69569585,0.92493087,0.79927962,0.86189423,0.93131047,-0.3150726,0.024377874,-0.30446325,-0.28334303,0.29222853,0.63055023,-0.84168425
-0.69227102,0.92217194,0.79217288,0.85839038,0.93131047,-0.31640758,0.011970295,-0.3054765,-0.28334303,0.29312532,0.64725617,-0.84058016
-0.69615684,0.92857814,0.80861262,0.85839038,0.93436504,-0.31640758,-0.1668535,-0.30221994,-0.27716283,0.29016264,0.46359181,-0.84422159
-0.69305193,0.9236219,0.79590042,0.85757076,0.9311006,-0.31692577,-0.070026884,-0.30644558,-0.27965835,0.29364589,0.43258747,-0.8395636000000001
-0.72783973,0.92222378,0.79233645,0.86082761,0.92705832,-0.2790667,0.19634106,-0.28085611,-0.28205738,0.27777637,0.3781893,-0.86629185
-0.74214702,0.93175456,0.81691778,0.87184928,0.92706007,-0.26751944,0.38238815,-0.25879565,-0.24801787,0.26172929,0.4765407,-0.88803821
-0.6910334,0.91203129,0.76621126,0.84383112,0.92394584,-0.27724124,0.42524017,-0.31513555,-0.31850047,0.3013814,0.55139728,-0.82876078
-0.73108043,0.91316615,0.76916025,0.86989309,0.92296306,-0.2578756,0.42524017,-0.27151452,-0.29375234,0.27250901,0.65328566,-0.87409154
-0.73473816,0.9328098,0.82001065,0.89391303,0.92296306,-0.2578756,0.37308202,-0.26322435,-0.26507734,0.26437019,0.56859581,-0.8831189
-0.72241008,0.93703699,0.83077446,0.89391303,0.93572706,-0.27518191,0.37308202,-0.28124111,-0.26507734,0.27582246,0.47836666,-0.86609246
-0.73458338,0.93715008,0.83100164,0.88563473,0.93572706,-0.27415318,0.36678843,-0.26805555,-0.26459439,0.2672045999999999,0.4844773,-0.87906155
-0.6565092,0.91908992,0.784668,0.87569674,0.90585041,-0.32231372,-0.25803028,-0.33329824,-0.34788044,0.31064417,0.18467861,-0.80728542
-0.63083735,0.89210214,0.71631608,0.87169982,0.88994647,-0.33180737,-0.16196317,-0.36604115,-0.35427256,0.33629362,0.11992077,-0.76539101
-0.61392535,0.8745609000000001,0.67205453,0.80914599,0.88994647,-0.39673883,-0.16196317,-0.38315837,-0.36066261,0.35030952,0.080927897,-0.7428657
-0.61412029,0.87703007,0.67825723,0.82513318,0.88122774,-0.38783925,-0.17907873,-0.38440483,-0.36841911,0.35075038,0.15020932,-0.74098344
-0.62507136,0.88517447,0.69860447,0.82531125,0.88122774,-0.38468129,-0.22155317,-0.37824168,-0.36841911,0.34582419,0.16253016,-0.74949544
-0.62602824,0.87967386,0.68492033,0.82531125,0.88425003,-0.38468129,-0.22155317,-0.37831031,-0.36069748,0.34702908,0.22812269,-0.74949998
-0.6120765,0.86870581,0.65758376,0.80487982,0.88425003,-0.39572251,-0.27395416,-0.39144615,-0.36900111,0.3573398,0.32864149,-0.7310141
-0.60734083,0.87225827,0.66635305,0.80384412,0.88477571,-0.40993109,-0.10607451,-0.39689479,-0.36913882,0.36007886,0.20640625,-0.72315636
-0.59859596,0.86958122,0.65973652,0.80308669,0.88250708,-0.41151161,-0.10607451,-0.40261704,-0.38167319,0.3638207,0.23331635,-0.71467627
-0.63567754,0.9107582,0.76338038,0.86464233,0.89257929,-0.35964675,-0.085438381,-0.36711853,-0.36628356,0.33414293,0.24663907,-0.76417973
-0.61659762,0.88480962,0.6977227,0.84514167,0.89136011,-0.38162573,-0.22642068,-0.39019197,-0.36628356,0.35367461,0.084382465,-0.73270976
-0.61186062,0.8731213,0.66848961,0.80423112,0.87952385,-0.40507089,-0.28933765,-0.39366157,-0.37146773,0.35803868,0.23333879,-0.72784163
-0.60972248,0.87363124,0.66983258,0.81586597,0.87601619,-0.40507089,-0.086209483,-0.39570514,-0.37146773,0.3591928,0.19739078,-0.72485211
-0.60974841,0.87892336,0.68296371,0.81586597,0.87601619,-0.40924977,-0.086209483,-0.39836718,-0.37144307,0.36005474,0.28428354,-0.7209949999999999
-0.6230471,0.87974094,0.68492645,0.81398949,0.8902800999999999,-0.37837441,-0.09242051,-0.38578405,-0.368957,0.35215215,0.26566514,-0.73879769
-0.63154772,0.87963832,0.68467059,0.81301609,0.8902800999999999,-0.37837441,-0.09242051,-0.37585869,-0.36982299,0.34579963,0.33479707,-0.75280168
-0.61168583,0.87375668,0.67011431,0.81301609,0.88352341,-0.37985567,-0.15497799,-0.39401951,-0.38094188,0.35815172,0.32434583,-0.72667246
-0.59697231,0.86555365,0.64979764,0.7976181,0.88010544,-0.41799293,-0.15497799,-0.40731158,-0.38094188,0.3679232999999999,0.1627937,-0.70770209
-0.63771723,0.91445818,0.77272823,0.8667405,0.89854032,-0.36472675,-0.024496952,-0.37174042,-0.36638805,0.33694286,0.10134712,-0.75801258
-0.61765998,0.88768718,0.7048985,0.83665757,0.89130938,-0.39006901,-0.26375673,-0.39449518,-0.37012533,0.356332,-0.0413819979999999,-0.72653255
-0.60907705,0.87399533,0.67066844,0.80791095,0.87770936,-0.41127392,-0.16819627,-0.40046163,-0.38029959,0.36252399,0.27630021,-0.71788509
-0.60954528,0.87110643,0.66353598,0.80626866,0.87707784,-0.39457943,-0.16819627,-0.39812968,-0.38029959,0.3614673,0.35061656,-0.72119012
-0.61924862,0.87670526,0.6774216,0.81480093,0.87707784,-0.39050938,0.033435754,-0.38754963,-0.379261,0.35364566,0.2989577,-0.73638665
-0.62538691,0.88078238,0.6875128,0.81480093,0.89301053,-0.39050938,0.033435754,-0.38195233,-0.35759341,0.34939807,0.35173015,-0.74452199
-0.62481913,0.88106332,0.68821081,0.81361133,0.89301053,-0.3960445,-0.10949373,-0.38332396,-0.35732147,0.35028311,0.25196969,-0.74263155
-0.62031177,0.87758132,0.67956207,0.81361133,0.89066242,-0.39809706,-0.10949373,-0.38419705,-0.35849792,0.35113894,0.27031974,-0.74140334
-0.61147389,0.87003325,0.66084805,0.80417934,0.88338361,-0.4003235,-0.13352705,-0.38953599,-0.36509432,0.35560539,0.31953267,-0.73378854
-0.68423981,0.9000754999999999,0.73596481,0.84821109,0.90841573,-0.30486805,0.53774001,-0.30448229,-0.30302064,0.2951475,0.5592556,-0.8412537
-0.7129991,0.92047538,0.78823339,0.87750879,0.91007038,-0.30323389,0.51664656,-0.28857121,-0.27014435,0.28267442,0.62668041,-0.85882412
-0.72561528,0.94054784,0.83963212,0.87750879,0.94421895,-0.28697968,0.51664656,-0.28138588,-0.25991303,0.2756308,0.60276006,-0.8661277000000001
-0.71540209,0.93310471,0.82043287,0.87205266,0.92901321,-0.28697968,0.58228689,-0.28981764,-0.2850307,0.28196516,0.64834225,-0.85698039
-0.70339167,0.92018181,0.7871445,0.87205266,0.92901321,-0.29884878,0.58228689,-0.30104945,-0.2850307,0.29097327,0.50036924,-0.84526114
-0.70597984,0.92876299,0.80934311,0.88587393,0.92956209,-0.29579769,0.22138204,-0.29290091,-0.28479143,0.28418958,0.51903545,-0.85399066
-0.69611677,0.93275798,0.81961776,0.88587393,0.93222314,-0.29579769,0.52801372,-0.30372669,-0.29368727,0.2906212999999999,0.56903045,-0.84193071
-0.70407501,0.92536905,0.8003988000000001,0.87555741,0.93222314,-0.29129389,0.52801372,-0.30065529,-0.29368727,0.28999627,0.49944871,-0.84511549
-0.72689722,0.93203802,0.81757217,0.87825939,0.94165317,-0.29129389,0.48396563,-0.27888357,-0.27392436,0.27505142,0.46875296,-0.86866585
-0.7215444999999999,0.90974815,0.76050842,0.85493875,0.91353669,-0.28077799,0.28952389,-0.2846522999999999,-0.3218687,0.28182795,0.59599036,-0.86161013
-0.7320426,0.9205884,0.78808766,0.85493875,0.92904301,-0.28077799,0.21950782,-0.27698157,-0.27060622,0.27546325,0.5710525,-0.8702726000000001
-0.71071689,0.92572566,0.80127933,0.85957426,0.93807852,-0.28956502,0.12954531,-0.29310478,-0.27060622,0.28501941,0.4115492,-0.85393328
-0.70133028,0.92261068,0.79331949,0.85957426,0.9283362,-0.31138318,0.47149755,-0.29716464,-0.27030353,0.28776737,0.44159222,-0.8497285
-0.69683961,0.91638183,0.77731472,0.84988974,0.9283362,-0.3114415,0.47149755,-0.29926353,-0.27282892,0.28986031,0.58690904,-0.84745772
-0.69993026,0.92233939,0.79260762,0.86443791,0.92942903,-0.31318343,0.35349944,-0.29931997,-0.27282892,0.2892392,0.70202958,-0.84740197
-0.71841233,0.91868692,0.78331092,0.86443791,0.92314735,-0.28144689,0.46508764,-0.28803831,-0.26844711,0.28283857,0.50944258,-0.85911046
-0.74048689,0.92029884,0.7874372,0.86011156,0.92314735,-0.27397083,0.46508764,-0.26803107,-0.26227646,0.26956937,0.65240349,-0.87913035
-0.75078761,0.96296785,0.89854661,0.90891676,0.95978204,-0.26663351,-0.68251773,-0.27325393,-0.34086636,0.26836677,-0.11923293,-0.87247512
-0.74284374,0.94513347,0.85160361,0.89644801,0.95839361,-0.26663351,-0.88780789,-0.27146065,-0.25438789,0.2689676,-0.72364204,-0.87576267
-0.7274616999999999,0.94045529,0.83934365,0.86762854,0.95839361,-0.29650085,-0.93332282,-0.28140478,-0.25438789,0.27574901,-1.0,-0.86621643
-0.73011132,0.94166056,0.84247579,0.86762854,0.95942041,-0.29639147,-0.91231496,-0.28041065,-0.26045107,0.27503272,-0.940965,-0.86721256
-0.72463777,0.9396718,0.83730729,0.86738283,0.95808362,-0.29639147,-0.88227113,-0.28861947,-0.26654223,0.28073875,-0.74679365,-0.85867934
-0.72981618,0.94130964,0.84157607,0.87503965,0.95808362,-0.27559637,-0.88227113,-0.28529179,-0.26654223,0.27846597,-0.61468093,-0.86191667
-0.75404347,0.94855074,0.86046513,0.87845914,0.96035763,-0.25857918,-0.88857343,-0.25932702,-0.26144555,0.26060977,-0.60060699,-0.88711992
-0.76746525,0.95160266,0.86843435,0.87845914,0.96862291,-0.25304338,-0.88857343,-0.23924146,-0.22379063,0.24686837,-0.55850052,-0.90557724
-0.76290942,0.94905557,0.861768,0.87797828,0.96720874,-0.25304338,-0.85688874,-0.24059547,-0.21809235,0.24791535,-0.41886373,-0.90440389
-0.761361,0.94890036,0.86136113,0.87694557,0.96720874,-0.26108294,-0.78991428,-0.2445012,-0.21809235,0.25057955,-0.32609448,-0.90108294
-0.75944981,0.95062873,0.86588229,0.87737977,0.96956935,-0.26108294,-0.78991428,-0.24899157,-0.23436846,0.25342398,-0.37610094,-0.89699869
-0.7448509,0.94673214,0.8557239999999999,0.87737977,0.95347402,-0.26359609,-0.86558499,-0.2623037,-0.24604519,0.26250165,-0.57339379,-0.88478271
-0.72124526,0.93737145,0.83137138,0.87423647,0.9514388,-0.28550663,-0.90044688,-0.27559639,-0.25275165,0.27178708,-0.89799999,-0.87197203
-0.71400932,0.93560613,0.82676876,0.86527637,0.9514388,-0.29729949,-0.90044688,-0.28138037,-0.25275165,0.27566864,-0.74679365,-0.86625229
-0.71689957,0.9364531,0.82896034,0.86527637,0.95106299,-0.29868892,-0.86957914,-0.28180172,-0.25769104,0.27600391,-0.60060699,-0.86581672
-0.7071105,0.93154212,0.81625187,0.86372347,0.94902305,-0.29901619,-0.85627768,-0.28789466,-0.26799029,0.2803747,-0.58939876,-0.85949611
-0.6103805,0.87781379,0.68132274,0.85393251,0.85188376,-0.26554524,-0.82105326,-0.40152052,-0.45425046,0.36265312,-0.82851565,-0.70851087
-0.66809529,0.91934239,0.78503684,0.85457229,0.90099733,-0.33472553,-0.90162037,-0.34584571,-0.41960623,0.32034928,-1.0,-0.78973384
-0.68820641,0.92672023,0.80381143,0.85457229,0.9462477,-0.33472553,-0.93537529,-0.32372106,-0.29794808,0.30501917,-1.0,-0.81973791
-0.68241601,0.92472311,0.79867388,0.85130013,0.94229135,-0.34453638,-0.94092253,-0.33111101,-0.30656713,0.31013438,-1.0,-0.81094369
-0.67619335,0.92199595,0.79167236,0.85110091,0.94093318,-0.34836412,-0.9291312,-0.3366264,-0.30795309,0.31401112,-1.0,-0.80422716
-0.67595912,0.92178308,0.79112593,0.850999,0.94093318,-0.34618512,-0.91447154,-0.33592584,-0.30795309,0.3135333,-1.0,-0.80507536
-0.68263274,0.92471364,0.79865069,0.85145029,0.9417814,-0.34136757,-0.91447154,-0.32855141,-0.30633659,0.30834694,-1.0,-0.81400182
-0.68542434,0.92560608,0.80094311,0.85145029,0.94442654,-0.34130245,-0.92963802,-0.32472455,-0.29856442,0.30570704,-1.0,-0.8185937
-0.6805392,0.92365345,0.79592594,0.85130886,0.942725,-0.34130245,-0.94324078,-0.32914012,-0.30268063,0.30878001,-1.0,-0.81329888
-0.67743873,0.92266071,0.79337488,0.84926248,0.942725,-0.3478179999999999,-0.94324078,-0.33227186,-0.30268063,0.31092243,-1.0,-0.80955756
-0.67977531,0.92353812,0.79562756,0.84928692,0.94312006,-0.34640884,-0.94333385,-0.32963491,-0.30188609,0.30909256,-1.0,-0.81273922
-0.68079366,0.92347292,0.79546008,0.84928692,0.94336995,-0.34640884,-0.94322904,-0.32868106,-0.29906925,0.30850274,-1.0,-0.81388915
-0.67957053,0.92286482,0.79389854,0.84895632,0.94324946,-0.34671947,-0.94074648,-0.33018623,-0.29971717,0.30957255,-1.0,-0.81208035
-0.68010095,0.92359637,0.79577777,0.8503615,0.94324946,-0.34487789,-0.94074648,-0.32962473,-0.29971717,0.30909941,-1.0,-0.81275243
-0.68293316,0.92476648,0.79878377,0.85055462,0.94464203,-0.34373968,-0.9307413,-0.32678831,-0.29874812,0.30711769,-0.940965,-0.81614659
-0.81805781,0.93139929,0.8174229000000001,0.88735097,0.83498081,0.047859079,-0.81694216,-0.026774002,-0.35056648,0.10231036,-0.79890145,-0.969052
-0.78391062,0.95148753,0.86817219,0.88735097,0.96528189,0.047859079,-0.93807424,0.01682111,0.0043763286,0.072615419,-1.0,-0.99485912
-0.802033,0.94539933,0.85221561,0.87384152,0.96509527,-0.024665386,-0.93415159,-0.0122830139999999,0.0043763286,0.0923261619999999,-1.0,-0.99982443
-0.79338685,0.94392635,0.84837673,0.8706033000000001,0.96173723,-0.027427094,-0.93415159,-0.004313032,0.009230386,0.086883915,-0.940965,-0.99958799
-0.78557279,0.94182903,0.84291441,0.86964719,0.9613551,-0.022904069,-0.94100748,0.0004916936099999,0.025256174,0.083603154,-1.0,-0.99933072
-0.77801455,0.93927713,0.83628392,0.86637071,0.95474243,-0.004892342,-0.94100748,0.0077337361,0.026896121,0.07865254,-1.0,-0.99861813
-0.75549073,0.92804449,0.80740158,0.86584174,0.90519386,0.0860074619999999,-0.94750544,0.034264504,0.031607584,0.060416529,-0.940965,-0.99314456
-0.63880269,0.85160108,0.62162571,0.85903712,0.70371625,0.35488303,-0.97134787,0.15402201,0.0500054309999999,-0.024622632,-0.68909729,-0.91648762
-0.40989353,0.69555133,0.26734524,0.80669328,0.59683579,0.44380672,-0.92837063,0.35706445,0.14482837,-0.1752714,-0.66615036,-0.70031202
-0.2700962,0.58744543,0.0369446779999999,0.6006634,0.59445076,0.44380672,-0.9140191,0.46528206,0.41754805,-0.25674616,-0.89799999,-0.54854309
-0.25465185,0.5709616999999999,0.0042438402,0.50114804,0.59445076,0.44218025,-0.91194942,0.46481225,0.47894294,-0.25716495,-0.82851565,-0.5500656
-0.25398233,0.57009544,0.0025869623,0.50114804,0.59032045,0.42719866,-0.91194942,0.46261283,0.47894294,-0.25549308,-0.89799999,-0.55423402
-0.80517681,0.93126851,0.81637258,0.89268468,0.89772995,0.18209007,-0.79256534,0.0958128759999999,0.047721583,0.017429973,-0.67012195,-0.96591285
-0.88496992,0.96122816,0.89378816,0.89268501,0.95821394,0.0462535009999999,-0.91426371,0.043313591,0.047721583,0.05421504,-1.0,-0.99218219
-0.8836838,0.96153142,0.89454775,0.89268501,0.97761874,0.050546573,-0.94088611,0.064629886,0.0542456709999999,0.03959921,-1.0,-0.98627796
-0.87166806,0.95819873,0.88575429,0.88564554,0.97761874,0.0506055,-0.94088611,0.078699799,0.097880181,0.029871755,-1.0,-0.98192582
-0.87007285,0.958004,0.88524133,0.88363361,0.97767693,0.051162568,-0.94164874,0.079058544,0.10338021,0.02962946,-1.0,-0.98179692
-0.86563931,0.95731352,0.88342509,0.88362924,0.97629723,0.053628705,-0.94318908,0.080647526,0.10338021,0.028542597,-1.0,-0.9811895
-0.8613174000000001,0.95639885,0.88101943,0.88255395,0.97627369,0.053628705,-0.94010623,0.082063172,0.10640109,0.027564571,-1.0,-0.98065378
-0.86150488,0.95586538,0.87961726,0.88145584,0.97557134,0.053152355,-0.93740493,0.081428777,0.10640093,0.027974,-1.0,-0.980899
-0.86638564,0.95691481,0.88237819,0.88517341,0.97557134,0.052471026,-0.92976555,0.081035898,0.10373237,0.028249455,-1.0,-0.98104853
-0.87755597,0.95980349,0.88998287,0.88685857,0.97633019,0.052467923,-0.92976555,0.077820032,0.099414218,0.030502575,-1.0,-0.98224079
-0.88262966,0.96069451,0.8923293,0.88685857,0.97940241,0.048372016,-0.94446822,0.075524954,0.099414218,0.032082337,-1.0,-0.98309547
-0.87964017,0.95971181,0.88973876,0.88646168,0.97938916,0.0490950729999999,-0.94187273,0.077284441,0.099922552,0.0308502979999999,-1.0,-0.98245383
-0.87829928,0.95980632,0.88998765,0.88560533,0.97938916,0.0490950729999999,-0.94161111,0.07793338,0.10214708,0.030418739,-1.0,-0.98221705
-0.87729949,0.95976734,0.88988512,0.88560533,0.97852389,0.049863692,-0.94010138,0.07756362,0.10214688,0.030679393,-1.0,-0.98235333
0.47790888,-0.31618977,-0.97654658,-0.30693841,-0.28608097,0.82476531,-0.84404008,0.77207768,0.75433165,-0.54505907,-0.4442355999999999,0.20732067
0.48114012,-0.32171341,-0.97848482,-0.38412697,-0.2829662,0.7196531999999999,-0.92516849,0.75793363,0.75433165,-0.53511065,-0.940965,0.16192124
0.48486444,-0.32615383,-0.97971987,-0.38513866,-0.28104324,0.7196531999999999,-0.93584074,0.76275314,0.77249724,-0.53666594,-0.940965,0.17621116
0.4865956,-0.32851918,-0.98037459,-0.3953846,-0.28104324,0.71549914,-0.9419867,0.75798702,0.77212818,-0.53117527,-0.940965,0.16187499
0.48535369,-0.32686995,-0.97992878,-0.39285186,-0.28069819,0.70995799,-0.93315645,0.7570916999999999,0.77212818,-0.53051568,-1.0,0.15918901
0.48228182,-0.32263062,-0.97874867,-0.38417883,-0.27818217,0.71041119,-0.93032985,0.75722125,0.7723059,-0.53056651,-1.0,0.15957639
0.47869195,-0.3176732,-0.97734861,-0.38371377,-0.27557983,0.71229223,-0.93032985,0.75814714,0.7723059,-0.53147713,-1.0,0.16235053
0.47943959,-0.31870751,-0.97764482,-0.38371377,-0.27399179,0.71237943,-0.92290394,0.75954496,0.77385933,-0.53309384,-1.0,0.16653799
0.48029993,-0.3199114999999999,-0.97799182,-0.38417864,-0.27399179,0.71237943,-0.91185237,0.75766349,0.77006853,-0.53109209,-1.0,0.16090968
0.47813346,-0.31694486,-0.97714047,-0.38380307,-0.27342599,0.71059472,-0.90157522,0.75561068,0.77006853,-0.52884003,-0.7717892,0.15476558
0.47520101,-0.31287598,-0.97593531,-0.37127468,-0.2679501999999999,0.71480096,-0.90157522,0.75740991,0.77022027,-0.53064272,-0.7717892,0.16015028
0.46922315,-0.30471213,-0.97342416,-0.36697557,-0.26792168,0.71621651,-0.90883221,0.76133611,0.77252109,-0.53531562,-1.0,0.17193006
0.46719177,-0.30192641,-0.97257359,-0.36697557,-0.26177552,0.71650349,-0.93421122,0.76297445,0.77738017,-0.53718838,-0.8612167,0.17685077
0.47099001,-0.30704684,-0.97417489,-0.36888991,-0.26351182,0.71726014,-0.89127681,0.76351573,0.77738017,-0.53731587,-0.82851565,0.1784841
0.44385636,-0.26888801,-0.96086389,-0.32059358,-0.2478005,0.86906664,-0.85527644,0.86870478,0.86761845,-0.66881431,-0.74679365,0.51778068
0.44043247,-0.26522323,-0.95960112,-0.32059358,-0.2320198,0.81159609,-0.92823715,0.85811094,0.86761845,-0.65945194,-1.0,0.48102542
0.44938639,-0.27696099,-0.96407742,-0.33459042,-0.23207843,0.81159609,-0.92823715,0.86092969,0.87301788,-0.66024761,-1.0,0.49054932
0.45128744,-0.27962596,-0.96505101,-0.34801602,-0.23379328,0.81140117,-0.93389358,0.86052731,0.87401702,-0.66001692,-1.0,0.48918415
0.45241798,-0.28123142,-0.96562273,-0.3482339,-0.23595645,0.81065662,-0.93389358,0.86048625,0.87401759,-0.66031703,-1.0,0.48904468
0.45394671,-0.28332587,-0.96636341,-0.35024438,-0.23781104,0.81065662,-0.94596474,0.85994309,0.87341489,-0.65948078,-1.0,0.48720467
0.45501765,-0.28476136,-0.96686689,-0.3524312,-0.23813551,0.81057681,-0.94053497,0.85973371,0.87341489,-0.65892999,-1.0,0.48649511
0.45511902,-0.28483719,-0.96689356,-0.35335399,-0.23813551,0.81077725,-0.93882803,0.86049591,0.87373934,-0.65962669,-1.0,0.48907763
0.45514501,-0.28496747,-0.96693887,-0.35335399,-0.23853897,0.81077725,-0.93882803,0.86013781,0.8735161,-0.65974513,-1.0,0.48786456
0.45568546,-0.28576543,-0.96721645,-0.35326686,-0.23902256,0.81017445,-0.92595068,0.85965715,0.8735161,-0.65941609,-1.0,0.48623545
0.45317475,-0.28221134,-0.96595388,-0.34371444,-0.23902256,0.81303129,-0.92595068,0.86104294,0.87381312,-0.66074623,-1.0,0.49093542
0.44967464,-0.27737213,-0.96423298,-0.34369203,-0.23664336,0.81317465,-0.92790757,0.86284441,0.8748379000000001,-0.66321303,-1.0,0.49705018
0.45101957,-0.27921621,-0.96489478,-0.34369203,-0.23673939,0.81317465,-0.94555566,0.86301299,0.87610922,-0.66345067,-1.0,0.49762223
0.45382953,-0.28306548,-0.96627091,-0.34814711,-0.23685131,0.81277455,-0.93957855,0.86211533,0.87554949,-0.6620396,-1.0,0.49457214
0.45419503,-0.28360894,-0.9664638,-0.35170428,-0.23685131,0.81146645,-0.93936325,0.8613818000000001,0.87526083,-0.66122808,-1.0,0.49208176
0.45374282,-0.28300724,-0.96625235,-0.35145632,-0.23650545,0.81199044,-0.93936325,0.86147034,0.87526083,-0.66149276,-1.0,0.49238247
-0.74898204,0.94613051,0.85414469,0.87977872,0.96009576,-0.2630867,-0.24125565,-0.25669097,-0.23586438,0.25885447,0.11131901,-0.89003053
-0.74306269,0.94528949,0.85193846,0.87526418,0.96009576,-0.26961908,-0.23624919,-0.25759208,-0.23557967,0.25932779,0.19666976,-0.88926336
-0.73675537,0.94077472,0.84020663,0.87475566,0.95223687,-0.26961908,0.12901307,-0.2575512,-0.23936998,0.25955522,0.21840503,-0.8892810999999999
-0.73067323,0.93632021,0.82861639,0.86695174,0.95223536,-0.26537373,0.12901307,-0.25912452,-0.23936998,0.26090367,0.38633382,-0.88779634
-0.73168349,0.9373502,0.83128409,0.86695174,0.95223536,-0.26290301,-0.16433401,-0.25082418,-0.23805308,0.25506045,0.28466462,-0.89538292
-0.72933547,0.93678815,0.82982617,0.86592324,0.95196357,-0.26290301,-0.0815583459999999,-0.25385758,-0.23531964,0.25712774,0.25811952,-0.89262136
-0.72706069,0.93448232,0.82386672,0.8655795000000001,0.94336346,-0.27615147,-0.0815583459999999,-0.26060904,-0.23531964,0.26199066,0.33247584,-0.88650802
-0.72838227,0.93121915,0.81543558,0.86531322,0.94336346,-0.27680926,-0.069581066,-0.26102467,-0.23464986,0.26273403,0.39360403,-0.88612377
-0.7325754,0.9354748,0.8264614,0.86982396,0.94344592,-0.27847088,-0.039824517,-0.26237281,-0.23641156,0.26335379,0.26735006,-0.88486018
-0.73348385,0.93902959,0.8356456,0.86982396,0.95563757,-0.27993538,0.1364858,-0.264625,-0.2384619,0.26453364,0.38071402,-0.88272069
-0.72696651,0.93853171,0.83434772,0.86709448,0.95563757,-0.28550492,0.1364858,-0.27272021,-0.25376679,0.26992128,0.35429744,-0.87481284
-0.72925668,0.93965592,0.83726569,0.86709448,0.95658098,-0.28047617,0.11352226,-0.27395698,-0.25376679,0.27075217,0.35314715,-0.87356537
-0.73322857,0.93768834,0.83215943,0.8670484,0.95382263,-0.28047617,-0.20649306,-0.26646757,-0.251532,0.2659684,0.24587066,-0.88090597
-0.72466289,0.93994338,0.83802992,0.87481939,0.95382263,-0.2811655,0.10285878,-0.26941616,-0.24920976,0.26733682,0.35161941,-0.87805976
-0.72058241,0.94786257,0.85867445,0.88254823,0.95827867,-0.28798788,0.10285878,-0.27527019,-0.24937282,0.27020708,0.30210442,-0.87237275
-0.72899586,0.95308034,0.8723129000000001,0.88254823,0.96743564,-0.26616392,-0.16187492,-0.26720738,-0.24937282,0.26441684,0.25095628,-0.88007747
-0.7658107,0.95112743,0.8672281999999999,0.88506423,0.9558674,-0.23149669,-0.28801844,-0.23582271,-0.24040846,0.24449716,0.15586313,-0.90768647
-0.73838444,0.94276615,0.84539101,0.88049443,0.95397675,-0.25000914,-0.16788432,-0.26002778,-0.24056127,0.26111123,0.17731019,-0.88683524
-0.73520408,0.93937421,0.83654014,0.86990206,0.95397675,-0.27813441,-0.16788432,-0.26309071,-0.24056127,0.26350289,0.20846007,-0.88415257
-0.7312524,0.93809782,0.83322816,0.86863061,0.95135837,-0.27813441,0.015992387,-0.2672514,-0.24613104,0.26637209,0.29360134,-0.88012387
-0.72757124,0.93741942,0.83146432,0.86681131,0.95135837,-0.27734322,0.015992387,-0.26800762,-0.24613104,0.2668082,0.54234177,-0.87939896
-0.72692797,0.93968867,0.83735238,0.86974313,0.95720066,-0.27734322,-0.062143037,-0.26399353,-0.24185439,0.26371112,0.49937912,-0.8832863999999999
-0.72114124,0.94176073,0.84274398,0.87454058,0.95792895,-0.2776245999999999,0.0228844379999999,-0.26686114,-0.24086397,0.26517267,0.46069767,-0.88057502
-0.73068326,0.94432674,0.84942794,0.87454058,0.95792895,-0.26370651,0.0228844379999999,-0.26272778,-0.24003261,0.26245111,0.47866499,-0.88442368
-0.75215815,0.94303633,0.84606866,0.87450986,0.95568011,-0.25714161,0.13095797,-0.24971085,-0.23705415,0.25449356,0.44203842,-0.89628389
-0.7430994000000001,0.9395933,0.83710796,0.86898787,0.95529398,-0.25714161,0.13095797,-0.25682318,-0.24763985,0.25946294,0.54954648,-0.88952301
-0.7212691,0.94299036,0.84595785,0.87554343,0.95529398,-0.27618088,0.097567216,-0.2736849,-0.24932407,0.26975322,0.47296795,-0.87389898
-0.71288932,0.9400291,0.83829315,0.87554343,0.94673837,-0.29338536,-0.056051189,-0.28244706,-0.26253704,0.27577663,0.42853863,-0.86506338
-0.7077538000000001,0.93039415,0.81330454,0.86724801,0.94444172,-0.30048419,-0.056051189,-0.28701156,-0.26253704,0.27994709,0.37875981,-0.86044391
-0.71682749,0.93626567,0.82855479,0.87702364,0.94444172,-0.28517841,-0.21076201,-0.27899633,-0.25890068,0.27407027,0.50076436,-0.86856416
-0.72635492,0.93958156,0.83713751,0.87702364,0.94708181,-0.27979978,-0.14653004,-0.26859116,-0.25087583,0.26688971,0.33694604,-0.87885169
-0.78411152,0.93362318,0.82173066,0.873756,0.93788771,-0.20989993,0.48707646,-0.20523338,-0.22313365,0.22556023,0.55670303,-0.93186767
-0.77475463,0.93836225,0.83396184,0.87584193,0.9447534,-0.21051272,0.48707646,-0.21762438,-0.22284777,0.23347218,0.42667946,-0.92245645
-0.75884134,0.94732838,0.85748245,0.89589933,0.9447534,-0.2434719,0.26301775,-0.24235631,-0.22491248,0.24917192,0.3655744999999999,-0.90274712
-0.76506621,0.9505645,0.8658818000000001,0.89589933,0.94977793,-0.25770313,0.47908053,-0.25010317,-0.22820856,0.25441536,0.44538567,-0.8960814
-0.779068,0.93847757,0.83424782,0.88068262,0.94977793,-0.2364508,0.47908053,-0.23608549,-0.22820856,0.24648658,0.62051941,-0.90786454
-0.77347075,0.94165747,0.84249677,0.88311039,0.95317156,-0.2364508,0.35033226,-0.22897882,-0.21020539,0.24100333,0.42221484,-0.91405331
-0.76866085,0.95366394,0.8739058000000001,0.89035647,0.96109993,-0.24568607,0.46194193,-0.23485919,-0.21020539,0.24366469,0.40009745,-0.90931802
-0.77671302,0.95541351,0.87847702,0.89035647,0.96405633,-0.25135527,0.46194193,-0.23298304,-0.20948313,0.24245998,0.46726085,-0.91089886
-0.75662106,0.91759829,0.78051829,0.86986064,0.92607813,-0.2547862,0.18454122,-0.24508672,-0.23224678,0.25433878,0.46728396,-0.90043731
-0.74197811,0.92055297,0.78810484,0.86959111,0.92607813,-0.25531336,0.33690186,-0.2577762,-0.23989234,0.26235572,0.53168444,-0.88890099
-0.74883884,0.9410926,0.84116074,0.88502403,0.93437112,-0.24402823,0.33690186,-0.25526656,-0.23989234,0.25844588,0.60184347,-0.89098124
-0.77395606,0.95543017,0.87851194,0.89176707,0.96542614,-0.2438864999999999,0.36247649,-0.23629316,-0.23476632,0.24465045,0.41892508,-0.90778604
-0.78240745,0.9559322,0.87982953,0.89176707,0.96469418,-0.24240056,0.57623469,-0.23036262,-0.21494006,0.24078236,0.49419352,-0.91293902
-0.76577375,0.95113074,0.86723468,0.88915895,0.96192175,-0.24240056,0.57623469,-0.2444992,-0.23921707,0.25049629,0.53643948,-0.9005495000000001
-0.75073952,0.94688931,0.85615464,0.88915895,0.95783926,-0.24715182,0.44434577,-0.24840143,-0.23921707,0.25309395,0.54403235,-0.89721848
-0.75208303,0.94875254,0.86103791,0.8849358,0.9537868,-0.24715182,0.44448848,-0.23724962,-0.23273103,0.24523446,0.54508982,-0.90717246
-0.70800113,0.89954002,0.73460493,0.85037342,0.91068745,-0.27614855,0.42576174,-0.27712707,-0.29283042,0.2771184,0.83727944,-0.86998334
-0.72614167,0.92932366,0.81110228,0.89264846,0.91846923,-0.26822905,0.61440014,-0.27204223,-0.25808733,0.27056857,0.63189333,-0.87521254
-0.74681044,0.94160054,0.84264709,0.89264846,0.92963559,-0.25483538,0.61440014,-0.25340597,-0.25805122,0.25700837,0.64690066,-0.89259062
-0.75628643,0.92763534,0.80640468,0.88434773,0.92963559,-0.25483538,0.54028442,-0.24293701,-0.22909389,0.25166458,0.65501607,-0.90236894
-0.73607829,0.92103051,0.78941164,0.87313927,0.91971545,-0.25742194,0.51406438,-0.25954349,-0.25843422,0.26328238,0.56459847,-0.88703105
-0.7125146,0.91193741,0.76613995,0.87313927,0.91971545,-0.28075668,0.36382173,-0.2773347,-0.26059748,0.27585384,0.78474591,-0.87015166
-0.72224702,0.91136663,0.76456463,0.8544698000000001,0.92074644,-0.27489766,0.68033785,-0.26973631,-0.26059748,0.27104465,0.86451864,-0.87747442
-0.64533917,0.91875957,0.78409029,0.88119094,0.89402254,-0.27913601,-0.36371386,-0.34508795,-0.37928357,0.31807765,0.17827061,-0.78820024
-0.58882468,0.87932603,0.68413636,0.84610692,0.88422223,-0.37889414,-0.21872645,-0.40299664,-0.38360077,0.36093007,0.090503308,-0.71373235
-0.58022841,0.87096991,0.66320554,0.81257433,0.88422223,-0.40409126,-0.21872645,-0.40623017,-0.38360077,0.36396722,0.060278702,-0.70914895
-0.59730194,0.88212534,0.69089738,0.81847655,0.88791488,-0.39834279,-0.068281487,-0.3918715,-0.38322353,0.35331708,0.22983304,-0.73027605
-0.61552695,0.89109138,0.71327852,0.82450892,0.90324863,-0.38453305,-0.068281487,-0.37927808,-0.35881518,0.3444764999999999,0.22416737,-0.74820766
-0.61527883,0.89124446,0.71366306,0.82450892,0.90223802,-0.38453305,-0.2547824,-0.37793804,-0.35573829,0.34346128,0.15495167,-0.75009184
-0.61377385,0.89129173,0.71379214,0.82850764,0.90223802,-0.38904772,-0.16225713,-0.38026085,-0.35573829,0.34496321,0.12058253,-0.7469124
-0.61532796,0.89052242,0.71189397,0.82850764,0.89585404,-0.39288807,-0.16225713,-0.38463726,-0.36477765,0.34841385,0.058232714,-0.74068639
-0.61795343,0.88751603,0.70434523,0.82827345,0.89585404,-0.37754272,-0.20526661,-0.38271479,-0.36477765,0.34788191,0.066232927,-0.74323762
-0.66274148,0.9268682,0.80532159,0.89029919,0.89002018,-0.30006795,-0.16829118,-0.3408577,-0.37340565,0.31518482,0.17768248,-0.79442659
-0.5984629,0.88841369,0.70703916,0.87532796,0.8883436,-0.35785654,-0.16829118,-0.38715793,-0.37340565,0.34882921,0.32947311,-0.7367369
-0.59354071,0.878983,0.68308481,0.81789247,0.8883436,-0.39643747,-0.22689018,-0.39316602,-0.37309205,0.35445174,0.42961508,-0.7284234
-0.60585311,0.88831515,0.70643625,0.83710014,0.89014961,-0.39262148,-0.075635646,-0.39506907,-0.37309205,0.35533886,0.32429651,-0.7256899
-0.62241148,0.90046886,0.73693165,0.83710014,0.90179536,-0.380838,-0.075635646,-0.37939735,-0.3683917,0.34348878,0.29026378,-0.7477505999999999
-0.62922493,0.90131127,0.73901334,0.83575974,0.91523203,-0.380838,-0.18813814,-0.36986671,-0.35166179,0.3371969999999999,0.21805923,-0.76120503
-0.61481141,0.89284081,0.71769343,0.82788708,0.89714403,-0.38395603,-0.20506262,-0.38445152,-0.37339565,0.34778005,0.11512695,-0.74074148
-0.59406908,0.8782985000000001,0.68141463,0.82057256,0.8833468000000001,-0.39844939,-0.18966068,-0.39656275,-0.37571346,0.35710192,0.13917568,-0.72352472
-0.63167705,0.91483438,0.77447497,0.88821432,0.88532134,-0.27596009,-0.24205853,-0.35690044,-0.38446113,0.32585368,0.07769756,-0.77207234
-0.57494615,0.87333575,0.66919243,0.83463146,0.88215916,-0.39600502,-0.24205853,-0.4100082999999999,-0.38471414,0.36555296,0.12702655,-0.70351363
-0.56671644,0.85919205,0.63418735,0.79150931,0.87133859,-0.42674503,-0.32923361,-0.41668715,-0.39289885,0.37238301,0.077649797,-0.69344878
-0.57647928,0.85968914,0.63541486,0.79661386,0.87133859,-0.41739067,-0.22519425,-0.41361842,-0.39289885,0.37129177,0.099235234,-0.69808291
-0.59236827,0.8667698,0.65280743,0.80434004,0.88114885,-0.41016836,-0.22519425,-0.40200313,-0.38285092,0.36322923,0.069553531,-0.71556825
-0.60958413,0.87908382,0.68338564,0.82324622,0.8841989,-0.37436856,-0.030022122,-0.38882955,-0.3675869,0.35307247,0.25813018,-0.73455179
-0.63641997,0.89621101,0.72619509,0.83511126,0.90133262,-0.36916588,-0.030022122,-0.36755024,-0.36319259,0.33714909,0.25701873,-0.76385899
-0.63702074,0.90060794,0.73724865,0.83511126,0.91107183,-0.36916588,-0.12646574,-0.36668007,-0.3606324999999999,0.33578085,0.29646452,-0.76517944
-0.60652987,0.88529489,0.69893885,0.83298908,0.88296563,-0.38280077,-0.12646574,-0.39176344,-0.37848857,0.35363057,0.32937481,-0.73023936
-0.65344062,0.92126908,0.79051889,0.88159052,0.88960484,-0.28114516,-0.29607664,-0.32971681,-0.36332939,0.30755525,0.40822262,-0.80795266
-0.60406517,0.88227786,0.69155222,0.85618072,0.88595067,-0.35937553,-0.13043672,-0.38717834,-0.3708655,0.35065033,0.43513605,-0.73664029
-0.58823122,0.8692573,0.65892877,0.80187796,0.88595067,-0.41175089,-0.13043672,-0.40287357,-0.38207645,0.36285339,0.16002065,-0.71430099
-0.59115485,0.87687012,0.67781262,0.81449232,0.88645416,-0.39851687,-0.19990383,-0.39668956,-0.38207645,0.35714695,0.13989431,-0.72323341
-0.58134659,0.87224429,0.66645983,0.81449232,0.87348529,-0.39851687,-0.27984528,-0.40541698,-0.41408802,0.36324826,0.20623778,-0.70970506
-0.55317293,0.86170467,0.640402,0.80735783,0.8734571,-0.41252363,-0.2971815,-0.43742632,-0.42642743,0.3851168,0.33336616,-0.66011665
-0.56759409,0.8714777,0.66452183,0.81011815,0.8734571,-0.4081369999999999,-0.14408055,-0.42834719,-0.42642743,0.37829591,0.23394345,-0.67404573
-0.58813384,0.87784549,0.68020212,0.81011815,0.89285626,-0.4081369999999999,-0.11495831,-0.40651985,-0.3980527,0.36370104,0.24041207,-0.70864133
-0.76503933,0.96203514,0.89621714,0.92587217,0.9648586,-0.26642451,-0.89200625,-0.26083287,-0.27748861,0.26051573,-0.41351289,-0.88573908
-0.76512441,0.94857237,0.86050843,0.87692909,0.9648586,-0.26642451,-0.92165465,-0.25819453,-0.24053096,0.2602661,-0.7717892,-0.88864712
-0.75240243,0.94925711,0.86229602,0.87692909,0.96632178,-0.27911013,-0.86243767,-0.27084888,-0.24799097,0.26845715,-0.60886706,-0.87666591
-0.75018129,0.94845605,0.86020051,0.87616001,0.96632178,-0.28721423,-0.86243767,-0.27337953,-0.24799097,0.27021859,-0.62503428,-0.87423009
-0.75030547,0.94913417,0.86197328,0.87616001,0.96646341,-0.28721423,-0.89576467,-0.27365208,-0.2549942,0.27032903,-0.89799999,-0.87393232
-0.74442797,0.94774721,0.85834744,0.87610444,0.96641004,-0.28860451,-0.92229094,-0.27942935,-0.25574303,0.27425568,-0.940965,-0.86817343
-0.74521045,0.94716223,0.85681718,0.87350901,0.96641004,-0.29278032,-0.92683156,-0.27827092,-0.25574303,0.27356031,-1.0,-0.86935239
-0.74432014,0.94684357,0.85598524,0.87350901,0.96623736,-0.29278032,-0.94101316,-0.27868945,-0.25368301,0.27385105,-1.0,-0.86894002
-0.73866069,0.94579263,0.85324117,0.87166805,0.96602867,-0.29918794,-0.94195937,-0.28373506,-0.25387799,0.27723185,-1.0,-0.86385153
-0.73923416,0.9463537,0.8547062,0.87360361,0.96602867,-0.29870569,-0.93872321,-0.28325059,-0.25387799,0.27684917,-1.0,-0.86434444
-0.74299632,0.94803905,0.8591084999999999,0.87430023,0.96624298,-0.29753137,-0.93872321,-0.2797287,-0.25361737,0.27435972,-1.0,-0.86791953
-0.74433341,0.94849851,0.86030869,0.87430023,0.96748373,-0.29753137,-0.94519894,-0.27833617,-0.24961377,0.273395,-1.0,-0.86933184
-0.74279432,0.94726611,0.85708852,0.87403228,0.96677342,-0.29771663,-0.94285163,-0.27984135,-0.25010913,0.27452757,-1.0,-0.86781555
-0.74356916,0.94734715,0.85730046,0.87447544,0.96677342,-0.29594068,-0.94285163,-0.27881083,-0.25010913,0.2738363,-1.0,-0.86884844
-0.62769258,0.89411349,0.72224513,0.84996847,0.81625529,-0.35695278,-0.76684035,-0.38213423,-0.46984584,0.34718378,-0.4272218,-0.74014012
-0.68391716,0.92590447,0.80172714,0.85833708,0.93758124,-0.33544578,-0.69706747,-0.33617499,-0.32473466,0.3136267,-0.25494066,-0.80442311
-0.68456722,0.926588,0.80349143,0.85833708,0.93717124,-0.33544578,-0.69706747,-0.32876061,-0.32208,0.30833698,-0.17695789,-0.81357949
-0.66529828,0.91900915,0.78404523,0.8573175,0.93427676,-0.33688329,-0.81461999,-0.34807061,-0.33286622,0.32175948,-0.32229729,-0.78942889
-0.66603853,0.9201241,0.78690923,0.85720826,0.93427676,-0.33400948,-0.89911864,-0.34784851,-0.33286622,0.32147433,-0.77022635,-0.78964925
-0.68674886,0.92875641,0.80907163,0.85786028,0.93888329,-0.33202317,-0.9176627,-0.32415517,-0.32465911,0.3049131,-0.79890145,-0.81893483
-0.69489528,0.93150475,0.81614835,0.85919963,0.95079228,-0.33044021,-0.91705699,-0.315222,-0.28591506,0.29876904,-0.72364204,-0.82966445
-0.70280325,0.93350926,0.82133375,0.86153321,0.95079228,-0.3272292,-0.91705699,-0.31240185,-0.28591506,0.29699479,-0.89799999,-0.83286227
-0.70963125,0.9363432,0.82866744,0.86258698,0.9548592,-0.32663611,-0.92592838,-0.30874001,-0.27971888,0.29443087,-1.0,-0.83701877
-0.70946046,0.9366963,0.82958224,0.86258698,0.95676693,-0.32393567,-0.88343219,-0.30766191,-0.27885449,0.29361498,-0.8612167,-0.83822316
-0.70715474,0.9351392,0.82554974,0.86218696,0.95232852,-0.32393567,-0.88343219,-0.30807911,-0.2835248,0.29399359,-0.82851565,-0.83774503
-0.70093086,0.93234889,0.81833178,0.86153582,0.95130224,-0.32394761,-0.91866689,-0.31381419,-0.29018266,0.29803952,-0.940965,-0.83122571
-0.69401028,0.9300687,0.8124404000000001,0.85665973,0.94905945,-0.33413764,-0.91866689,-0.32060146,-0.29166749,0.30270229,-0.940965,-0.82343331
-0.69060593,0.92865584,0.8087965,0.85565364,0.94857737,-0.34067063,-0.93806096,-0.32283349,-0.29166749,0.30426017,-1.0,-0.82083224
-0.69100363,0.92898153,0.80963708,0.85738055,0.94857737,-0.3335086,-0.93209243,-0.32122621,-0.29145508,0.3031072999999999,-1.0,-0.82270515
-0.69731277,0.93173645,0.81674913,0.85923334,0.94939974,-0.32708143,-0.93209243,-0.31468974,-0.29117267,0.29851594,-1.0,-0.83022199
-0.67523956,0.88597087,0.70117209,0.85028441,0.86297265,0.31250748,-0.89155556,0.2467285,-0.11884979,-0.088602113,-0.56583834,-0.82865604
-0.59823935,0.8536971,0.62104625,0.82880838,0.86192865,0.31250748,-0.92512734,0.31364947,0.30525489,-0.13581869,-0.8612167,-0.78650631
-0.60696596,0.8405261,0.58874841,0.76830828,0.86026398,0.27450225,-0.9326507,0.28865328,0.30525489,-0.12075239,-0.940965,-0.81841723
-0.59060002,0.83815738,0.58303525,0.76830828,0.85779691,0.25619913,-0.94298619,0.2887825999999999,0.30540379,-0.11973478,-1.0,-0.81833165
-0.58538002,0.83534567,0.57625591,0.76295877,0.85753859,0.25619913,-0.941308,0.29072325,0.31245139,-0.12112816,-1.0,-0.81604221
-0.58617489,0.83527163,0.57607747,0.76154397,0.85753859,0.25587173,-0.941308,0.29002318,0.31220733,-0.12070795,-1.0,-0.81687555
-0.585755,0.83518531,0.57586992,0.76154397,0.85716911,0.25468097,-0.93917412,0.28975365,0.31220733,-0.12048629,-1.0,-0.81719614
-0.58441015,0.83445156,0.57410471,0.76120089,0.85664605,0.25677754,-0.93917412,0.29026461,0.31233809,-0.12085415,-1.0,-0.81658785
-0.58269954,0.83346966,0.57174486,0.76015209,0.85525777,0.25696852,-0.93573975,0.29127583,0.31241249,-0.12159288,-1.0,-0.81538256
-0.58270621,0.83317869,0.57104544,0.75964908,0.85525777,0.25696852,-0.93573975,0.29092128,0.31203745,-0.12138551,-1.0,-0.81580484
-0.58392461,0.83336726,0.57149832,0.75964908,0.85572666,0.25568299,-0.91581547,0.28996334,0.31203252,-0.12077384,-0.940965,-0.81694676
-0.58409481,0.83294652,0.57048753,0.75944827,0.85468304,0.25691971,-0.91581547,0.290122,0.31203252,-0.12097802,-1.0,-0.81675754
-0.89253913,0.92746697,0.8069748999999999,0.93383343,0.91165304,0.080544529,-0.71175736,0.064106173,0.054264267,0.0385301289999999,-0.11877607,-0.98551772
-0.89587793,0.93357438,0.82254199,0.9048741,0.91165304,0.0356376039999999,-0.71175736,0.043855604,0.03069353,0.052956803,-0.3072145,-0.99203438
-0.95449322,0.9713546,0.92067311,0.90512391,0.95528463,0.03329009,-0.87711927,0.0081220671,-0.0045267484999999,0.078366486,-0.72364204,-0.99660809
-0.93942668,0.97580644,0.93239087,0.90512391,0.99161426,-0.024718813,-0.91248287,-0.02709217,-0.0096706479,0.10242923,-0.79890145,-0.99965735
-0.92574584,0.97247872,0.92352857,0.90033907,0.99148068,-0.023094477,-0.92582634,-0.025079884,-0.0096706479,0.10106474,-0.89799999,-0.99960651
-0.91950267,0.97201228,0.92228768,0.89773176,0.99148068,-0.019241884,-0.94251921,-0.005786833,-0.0088452456999999,0.08790381,-1.0,-0.99928416
-0.91848845,0.97263668,0.92394727,0.89795399,0.99180117,-0.019241884,-0.94300144,0.00019848118,0.020374081,0.083827144,-1.0,-0.99929185
-0.92473586,0.97299217,0.92489243,0.8983742,0.99264466,-0.028372479,-0.94487523,-0.0046300755,0.020374081,0.087117159,-1.0,-0.99964854
-0.92918491,0.97316906,0.92536287,0.89845864,0.99264338,-0.017632643,-0.94487523,-0.0014505056,0.02108375,0.084946361,-1.0,-0.99943744
-0.93052737,0.97270052,0.92411721,0.89845864,0.99187763,-0.0086127331,-0.9404264,0.0091176679,0.023817885,0.077728733,-1.0,-0.99843169
-0.93538425,0.97224588,0.92290835,0.89771118,0.99187763,-0.0086127331,-0.9404264,0.013887638,0.033612521,0.074458524,-1.0,-0.99799647
-0.93806238,0.97196068,0.92215083,0.89736863,0.98916431,-0.0036489728,-0.92578835,0.0112352039999999,0.0334069529999999,0.076262993,-0.89799999,-0.99830731
-0.90215262,0.96615372,0.90678898,0.89732171,0.9737096,0.026888818,-0.92578835,0.027252822,0.0334069529999999,0.065279822,-0.82851565,-0.9954701
-0.84817232,0.95750237,0.88394368,0.89400209,0.97273608,0.036411139,-0.89743876,0.05262745,0.05161555,0.047933906,-0.74679365,-0.99008864
0.38117362,-0.18467921,-0.9218166,-0.14866993,-0.17090778,0.85705028,-0.85328622,0.87543129,0.78455077,-0.68663734,-0.41522422,0.54211983
0.37911916,-0.18163937,-0.9209389,-0.23785212,-0.16905282,0.85423357,-0.88661441,0.87083947,0.87335684,-0.67808817,-0.7717892,0.5247417
0.37778639,-0.17949786,-0.91990664,-0.23785212,-0.14402013,0.81424583,-0.93835702,0.86238618,0.87335684,-0.66355972,-1.0,0.49549945
0.38479994,-0.18870997,-0.92487528,-0.25025686,-0.14739948,0.81424583,-0.93835702,0.86262053,0.87389615,-0.66254966,-1.0,0.49629324
0.38819882,-0.19335934,-0.92729636,-0.25888808,-0.15305095,0.8123836999999999,-0.94295529,0.85979236,0.87135854,-0.65848773,-1.0,0.4866979999999999
0.39209421,-0.19860779,-0.92998343,-0.26240178,-0.15790006,0.80925992,-0.94283866,0.85698738,0.86869876,-0.65413962,-1.0,0.47721313
0.3948637,-0.20240488,-0.93190175,-0.26811157,-0.15831588,0.80673098,-0.94138872,0.85476944,0.8683211,-0.65104302,-1.0,0.46973062
0.39547046,-0.20315832,-0.93228039,-0.27195368,-0.15831588,0.80412925,-0.94138872,0.85388184,0.86774543,-0.64941984,-1.0,0.46674145
0.39490564,-0.2022668,-0.93183436,-0.2686179999999999,-0.15742305,0.80640635,-0.92200657,0.85414757,0.86773176,-0.64923537,-0.940965,0.46763691
0.39325219,-0.20005544,-0.93072033,-0.26687316,-0.15742305,0.81005899,-0.91480756,0.85660729,0.86773176,-0.65299072,-0.940965,0.47593488
0.39125589,-0.19748218,-0.92941913,-0.26546099,-0.15352959,0.81066466,-0.91185914,0.85950028,0.87105746,-0.65790586,-0.89799999,0.48570685
0.3923944,-0.19896731,-0.93016858,-0.26546099,-0.15692048,0.81227358,-0.91149392,0.86073534,0.87333383,-0.65943941,-0.64603314,0.48989075
0.39548943,-0.20312105,-0.93225417,-0.26794453,-0.16502807,0.81250271,-0.91149392,0.86166672,0.87333777,-0.66054794,-0.60060699,0.49305048
0.40220797,-0.21237569,-0.93673641,-0.27101589,-0.18066131,0.81250271,-0.92358519,0.86001482,0.8682211999999999,-0.65860422,-0.8612167,0.48746145
0.41110476,-0.2244182,-0.9424389,-0.28050806,-0.18355999,0.81105316,-0.91694637,0.85497069,0.86604176,-0.65074577,-0.940965,0.47042802
0.41215526,-0.22572374,-0.94304825,-0.2832565999999999,-0.18355999,0.80703705,-0.91116797,0.85298966,0.86604176,-0.64723199,-0.940965,0.46374576
0.37279747,-0.16991791,-0.91448235,-0.22304958,-0.14985853,0.89512599,-0.8049460999999999,0.90163872,0.88223432,-0.71310184,-0.56768408,0.63348814
0.36607278,-0.16407592,-0.9113326,-0.22304958,-0.12827604,0.84203464,-0.87046642,0.87125956,0.87922123,-0.67905097,-0.82851565,0.5258735999999999
0.37091365,-0.17014842,-0.914811,-0.23422444,-0.12827604,0.81749789,-0.87046642,0.86390636,0.87129324,-0.66564527,-0.8612167,0.50068578
0.37221723,-0.17142693,-0.91552251,-0.23802428,-0.13151351,0.81442371,-0.93133238,0.85782535,0.86795266,-0.65450129,-1.0,0.48006088
0.37546271,-0.17603018,-0.91806551,-0.23953963,-0.13487833,0.80663251,-0.93057103,0.85419571,0.86774009,-0.65007823,-1.0,0.46779945
0.37796758,-0.17934607,-0.91988154,-0.24621443,-0.1351249,0.80340021,-0.93057103,0.85328244,0.86686936,-0.64841667,-1.0,0.46472563
0.37860514,-0.18024748,-0.92037077,-0.24930565,-0.13595307,0.8032022,-0.93394844,0.85237181,0.86571388,-0.64726037,-1.0,0.46166684
0.37887849,-0.18072981,-0.92063131,-0.24930565,-0.13634035,0.80231325,-0.93394844,0.8517403,0.86571388,-0.64682688,-1.0,0.45954572
0.37977699,-0.18194696,-0.92128668,-0.25051891,-0.13806245,0.80235897,-0.94034944,0.85208652,0.86588014,-0.64731968,-1.0,0.46070787
0.38018933,-0.18252571,-0.92159814,-0.25109148,-0.13806245,0.80235897,-0.93076229,0.85136465,0.86359342,-0.64636509,-1.0,0.45828768
0.38015684,-0.18249906,-0.92158395,-0.25148417,-0.13794742,0.80174041,-0.93076229,0.8501674000000001,0.86351904,-0.64472315,-1.0,0.45427312
0.38077268,-0.18330727,-0.92201683,-0.2517342,-0.13947627,0.80238109,-0.93247097,0.85111953,0.86351904,-0.6459719,-1.0,0.45746635
0.38207243,-0.18486989,-0.92285023,-0.25270312,-0.14186386,0.80238109,-0.93831068,0.8516083000000001,0.86432988,-0.64580943,-1.0,0.45910396
0.38373269,-0.18696711,-0.92396248,-0.25427318,-0.14306629,0.80191179,-0.91045886,0.85023093,0.86376895,-0.64316351,-0.940965,0.45448587
0.38371664,-0.18705069,-0.92400668,-0.25446927,-0.14306629,0.80383573,-0.91045886,0.85121767,0.86376895,-0.64502523,-0.940965,0.45779897
